,classes
0,following
1,following
2,following
3,following
4,following
5,following
6,following
7,following
8,following
9,following
10,following
11,following
12,following
13,following
14,following
15,following
16,following
17,following
18,following
19,following
20,following
21,following
22,following
23,following
24,following
25,following
26,following
27,following
28,following
29,following
30,following
31,following
32,else
33,free driving
34,free driving
35,free driving
36,free driving
37,else
38,else
39,following
40,following
41,following
42,following
43,following
44,following
45,following
46,following
47,following
48,following
49,following
50,following
51,following
52,following
53,following
54,following
55,following
56,following
57,following
58,following
59,following
60,following
61,following
62,following
63,following
64,free driving
65,free driving
66,free driving
67,else
68,following
69,following
70,following
71,following
72,following
73,following
74,following
75,following
76,following
77,following
78,following
79,following
80,following
81,following
82,following
83,following
84,following
85,following
86,following
87,following
88,free driving
89,free driving
90,free driving
91,free driving
92,free driving
93,free driving
94,free driving
95,free driving
96,free driving
97,free driving
98,free driving
99,free driving
100,free driving
101,free driving
102,free driving
103,free driving
104,free driving
105,free driving
106,free driving
107,free driving
108,free driving
109,free driving
110,free driving
111,else
112,following
113,following
114,following
115,following
116,following
117,following
118,following
119,following
120,following
121,following
122,following
123,following
124,following
125,following
126,following
127,following
128,following
129,following
130,following
131,following
132,following
133,following
134,following
135,following
136,following
137,following
138,following
139,following
140,following
141,following
142,following
143,following
144,following
145,following
146,following
147,following
148,following
149,following
150,following
151,following
152,following
153,following
154,following
155,following
156,following
157,following
158,following
159,following
160,following
161,following
162,following
163,following
164,following
165,following
166,following
167,following
168,following
169,following
170,following
171,following
172,following
173,following
174,following
175,following
176,following
177,following
178,following
179,following
180,following
181,following
182,following
183,following
184,following
185,following
186,following
187,following
188,following
189,following
190,following
191,following
192,following
193,following
194,following
195,following
196,following
197,following
198,following
199,following
200,free driving
201,free driving
202,free driving
203,free driving
204,free driving
205,free driving
206,free driving
207,free driving
208,free driving
209,free driving
210,free driving
211,free driving
212,free driving
213,free driving
214,free driving
215,free driving
216,free driving
217,free driving
218,free driving
219,free driving
220,free driving
221,free driving
222,free driving
223,free driving
224,free driving
225,free driving
226,free driving
227,free driving
228,free driving
229,free driving
230,free driving
231,free driving
232,free driving
233,free driving
234,free driving
235,free driving
236,free driving
237,free driving
238,free driving
239,free driving
240,free driving
241,free driving
242,free driving
243,free driving
244,free driving
245,free driving
246,free driving
247,free driving
248,free driving
249,free driving
250,free driving
251,free driving
252,free driving
253,free driving
254,free driving
255,free driving
256,else
257,free driving
258,free driving
259,free driving
260,free driving
261,free driving
262,free driving
263,free driving
264,free driving
265,free driving
266,free driving
267,free driving
268,free driving
269,free driving
270,free driving
271,free driving
272,free driving
273,free driving
274,free driving
275,free driving
276,free driving
277,free driving
278,free driving
279,free driving
280,free driving
281,free driving
282,free driving
283,free driving
284,free driving
285,free driving
286,free driving
287,free driving
288,free driving
289,free driving
290,free driving
291,free driving
292,free driving
293,free driving
294,free driving
295,free driving
296,free driving
297,free driving
298,free driving
299,free driving
300,free driving
301,free driving
302,free driving
303,free driving
304,free driving
305,free driving
306,free driving
307,free driving
308,free driving
309,free driving
310,free driving
311,free driving
312,free driving
313,free driving
314,free driving
315,free driving
316,free driving
317,else
318,else
319,following
320,free driving
321,free driving
322,free driving
323,free driving
324,free driving
325,free driving
326,free driving
327,free driving
328,free driving
329,free driving
330,free driving
331,free driving
332,free driving
333,free driving
334,free driving
335,free driving
336,free driving
337,free driving
338,free driving
339,free driving
340,free driving
341,free driving
342,free driving
343,free driving
344,free driving
345,free driving
346,free driving
347,free driving
348,free driving
349,free driving
350,free driving
351,free driving
352,free driving
353,free driving
354,free driving
355,free driving
356,free driving
357,free driving
358,free driving
359,free driving
360,free driving
361,free driving
362,free driving
363,free driving
364,free driving
365,free driving
366,free driving
367,free driving
368,free driving
369,free driving
370,free driving
371,free driving
372,free driving
373,free driving
374,free driving
375,free driving
376,free driving
377,free driving
378,free driving
379,free driving
380,free driving
381,free driving
382,free driving
383,free driving
384,free driving
385,free driving
386,free driving
387,free driving
388,else
389,following
390,following
391,following
392,following
393,following
394,following
395,following
396,following
397,following
398,following
399,following
400,following
401,following
402,following
403,following
404,following
405,following
406,following
407,following
408,following
409,following
410,following
411,following
412,following
413,following
414,following
415,following
416,following
417,following
418,following
419,following
420,following
421,following
422,following
423,following
424,following
425,following
426,following
427,following
428,following
429,following
430,following
431,following
432,following
433,following
434,following
435,following
436,following
437,following
438,following
439,following
440,following
441,following
442,following
443,following
444,following
445,following
446,following
447,following
448,following
449,following
450,following
451,following
452,following
453,following
454,following
455,following
456,following
457,following
458,following
459,following
460,following
461,following
462,free driving
463,free driving
464,free driving
465,free driving
466,free driving
467,free driving
468,free driving
469,free driving
470,free driving
471,free driving
472,free driving
473,free driving
474,free driving
475,free driving
476,free driving
477,free driving
478,free driving
479,free driving
480,free driving
481,free driving
482,free driving
483,else
484,else
485,following
486,following
487,following
488,following
489,following
490,following
491,following
492,following
493,following
494,following
495,following
496,following
497,following
498,following
499,following
500,following
501,following
502,following
503,following
504,following
505,following
506,following
507,following
508,following
509,following
510,following
511,following
512,following
513,following
514,following
515,following
516,cut in
517,cut in
518,cut in
519,cut in
520,cut in
521,free driving
522,free driving
523,free driving
524,free driving
525,free driving
526,free driving
527,free driving
528,free driving
529,free driving
530,free driving
531,free driving
532,free driving
533,free driving
534,free driving
535,free driving
536,free driving
537,free driving
538,free driving
539,free driving
540,free driving
541,free driving
542,free driving
543,free driving
544,free driving
545,free driving
546,free driving
547,free driving
548,free driving
549,else
550,free driving
551,free driving
552,free driving
553,free driving
554,free driving
555,free driving
556,free driving
557,free driving
558,free driving
559,free driving
560,free driving
561,free driving
562,free driving
563,free driving
564,free driving
565,free driving
566,free driving
567,free driving
568,free driving
569,free driving
570,free driving
571,free driving
572,free driving
573,free driving
574,free driving
575,free driving
576,free driving
577,free driving
578,free driving
579,free driving
580,free driving
581,free driving
582,free driving
583,free driving
584,free driving
585,free driving
586,free driving
587,free driving
588,free driving
589,free driving
590,free driving
591,free driving
592,free driving
593,free driving
594,free driving
595,free driving
596,free driving
597,free driving
598,free driving
599,free driving
600,free driving
601,free driving
602,free driving
603,free driving
604,free driving
605,free driving
606,free driving
607,else
608,free driving
609,free driving
610,free driving
611,free driving
612,free driving
613,free driving
614,free driving
615,free driving
616,free driving
617,free driving
618,free driving
619,free driving
620,free driving
621,free driving
622,free driving
623,free driving
624,free driving
625,free driving
626,free driving
627,free driving
628,free driving
629,else
630,else
631,free driving
632,free driving
633,free driving
634,free driving
635,free driving
636,free driving
637,free driving
638,free driving
639,free driving
640,free driving
641,free driving
642,free driving
643,free driving
644,free driving
645,free driving
646,free driving
647,free driving
648,free driving
649,free driving
650,free driving
651,free driving
652,free driving
653,free driving
654,free driving
655,free driving
656,free driving
657,free driving
658,free driving
659,free driving
660,free driving
661,free driving
662,free driving
663,free driving
664,free driving
665,free driving
666,free driving
667,free driving
668,free driving
669,free driving
670,free driving
671,free driving
672,free driving
673,free driving
674,free driving
675,free driving
676,free driving
677,free driving
678,free driving
679,free driving
680,free driving
681,free driving
682,free driving
683,free driving
684,free driving
685,else
686,else
687,following
688,following
689,following
690,following
691,free driving
692,free driving
693,free driving
694,free driving
695,free driving
696,free driving
697,free driving
698,free driving
699,free driving
700,free driving
701,free driving
702,free driving
703,free driving
704,free driving
705,free driving
706,free driving
707,free driving
708,free driving
709,free driving
710,free driving
711,free driving
712,free driving
713,free driving
714,free driving
715,free driving
716,cut in
717,cut in
718,cut in
719,cut in
720,cut in
721,free driving
722,free driving
723,free driving
724,free driving
725,free driving
726,free driving
727,free driving
728,free driving
729,free driving
730,free driving
731,free driving
732,free driving
733,free driving
734,free driving
735,free driving
736,free driving
737,free driving
738,free driving
739,free driving
740,free driving
741,free driving
742,free driving
743,free driving
744,else
745,else
746,free driving
747,free driving
748,free driving
749,free driving
750,free driving
751,free driving
752,free driving
753,free driving
754,free driving
755,free driving
756,free driving
757,free driving
758,free driving
759,free driving
760,free driving
761,free driving
762,free driving
763,free driving
764,free driving
765,free driving
766,free driving
767,free driving
768,free driving
769,free driving
770,free driving
771,free driving
772,free driving
773,free driving
774,free driving
775,free driving
776,free driving
777,free driving
778,cut in
779,cut in
780,cut in
781,cut in
782,cut in
783,free driving
784,free driving
785,free driving
786,free driving
787,free driving
788,free driving
789,free driving
790,free driving
791,free driving
792,free driving
793,free driving
794,free driving
795,free driving
796,free driving
797,free driving
798,free driving
799,free driving
800,free driving
801,free driving
802,free driving
803,else
804,else
805,following
806,following
807,following
808,following
809,following
810,following
811,following
812,following
813,following
814,following
815,following
816,following
817,following
818,following
819,following
820,following
821,following
822,following
823,following
824,following
825,following
826,following
827,following
828,following
829,following
830,following
831,following
832,following
833,following
834,following
835,following
836,following
837,following
838,following
839,following
840,following
841,following
842,following
843,following
844,following
845,following
846,following
847,following
848,following
849,following
850,following
851,following
852,following
853,else
854,else
855,free driving
856,free driving
857,free driving
858,free driving
859,free driving
860,free driving
861,free driving
862,free driving
863,free driving
864,free driving
865,free driving
866,else
867,else
868,following
869,following
870,following
871,following
872,following
873,following
874,following
875,following
876,following
877,following
878,following
879,following
880,following
881,following
882,following
883,following
884,following
885,following
886,following
887,following
888,free driving
889,free driving
890,free driving
891,free driving
892,free driving
893,free driving
894,free driving
895,free driving
896,free driving
897,free driving
898,free driving
899,free driving
900,free driving
901,free driving
902,free driving
903,free driving
904,free driving
905,free driving
906,free driving
907,free driving
908,free driving
909,free driving
910,else
911,free driving
912,free driving
913,free driving
914,free driving
915,free driving
916,free driving
917,free driving
918,free driving
919,free driving
920,free driving
921,free driving
922,free driving
923,free driving
924,free driving
925,free driving
926,free driving
927,free driving
928,free driving
929,free driving
930,free driving
931,free driving
932,free driving
933,free driving
934,free driving
935,free driving
936,free driving
937,free driving
938,free driving
939,free driving
940,cut in
941,cut in
942,cut in
943,cut in
944,cut in
945,cut in
946,cut in
947,cut in
948,free driving
949,free driving
950,free driving
951,free driving
952,free driving
953,free driving
954,free driving
955,free driving
956,free driving
957,free driving
958,free driving
959,free driving
960,free driving
961,free driving
962,free driving
963,free driving
964,free driving
965,free driving
966,free driving
967,free driving
968,free driving
969,free driving
970,free driving
971,free driving
972,free driving
973,free driving
974,free driving
975,free driving
976,free driving
977,free driving
978,free driving
979,else
980,following
981,free driving
982,free driving
983,free driving
984,free driving
985,free driving
986,free driving
987,free driving
988,free driving
989,free driving
990,free driving
991,free driving
992,free driving
993,free driving
994,free driving
995,free driving
996,free driving
997,free driving
998,free driving
999,free driving
1000,free driving
1001,free driving
1002,free driving
1003,free driving
1004,free driving
1005,free driving
1006,free driving
1007,free driving
1008,free driving
1009,free driving
1010,free driving
1011,free driving
1012,free driving
1013,free driving
1014,free driving
1015,free driving
1016,free driving
1017,free driving
1018,free driving
1019,free driving
1020,free driving
1021,free driving
1022,free driving
1023,free driving
1024,free driving
1025,free driving
1026,free driving
1027,free driving
1028,free driving
1029,free driving
1030,free driving
1031,free driving
1032,free driving
1033,free driving
1034,free driving
1035,free driving
1036,free driving
1037,free driving
1038,else
1039,else
1040,following
1041,following
1042,free driving
1043,free driving
1044,free driving
1045,free driving
1046,free driving
1047,else
1048,else
1049,following
1050,cut in
1051,cut in
1052,cut in
1053,cut in
1054,cut in
1055,free driving
1056,free driving
1057,free driving
1058,free driving
1059,free driving
1060,free driving
1061,free driving
1062,free driving
1063,free driving
1064,free driving
1065,free driving
1066,free driving
1067,free driving
1068,free driving
1069,free driving
1070,free driving
1071,free driving
1072,free driving
1073,free driving
1074,free driving
1075,free driving
1076,free driving
1077,free driving
1078,free driving
1079,free driving
1080,free driving
1081,free driving
1082,free driving
1083,free driving
1084,free driving
1085,free driving
1086,free driving
1087,else
1088,free driving
1089,free driving
1090,free driving
1091,free driving
1092,free driving
1093,free driving
1094,free driving
1095,free driving
1096,free driving
1097,free driving
1098,free driving
1099,free driving
1100,free driving
1101,free driving
1102,free driving
1103,free driving
1104,free driving
1105,free driving
1106,free driving
1107,free driving
1108,free driving
1109,free driving
1110,free driving
1111,free driving
1112,free driving
1113,free driving
1114,free driving
1115,free driving
1116,free driving
1117,free driving
1118,free driving
1119,free driving
1120,free driving
1121,free driving
1122,free driving
1123,free driving
1124,free driving
1125,free driving
1126,free driving
1127,free driving
1128,free driving
1129,free driving
1130,free driving
1131,free driving
1132,free driving
1133,free driving
1134,free driving
1135,free driving
1136,free driving
1137,free driving
1138,free driving
1139,free driving
1140,free driving
1141,free driving
1142,free driving
1143,else
1144,else
1145,following
1146,cut in
1147,following
1148,following
1149,following
1150,cut in
1151,cut in
1152,cut in
1153,cut in
1154,cut in
1155,free driving
1156,free driving
1157,free driving
1158,free driving
1159,free driving
1160,free driving
1161,free driving
1162,free driving
1163,free driving
1164,free driving
1165,free driving
1166,free driving
1167,free driving
1168,free driving
1169,free driving
1170,free driving
1171,free driving
1172,free driving
1173,else
1174,else
1175,free driving
1176,free driving
1177,free driving
1178,free driving
1179,free driving
1180,free driving
1181,free driving
1182,free driving
1183,free driving
1184,free driving
1185,free driving
1186,free driving
1187,free driving
1188,free driving
1189,free driving
1190,free driving
1191,free driving
1192,free driving
1193,free driving
1194,free driving
1195,free driving
1196,else
1197,following
1198,free driving
1199,free driving
1200,free driving
1201,free driving
1202,free driving
1203,free driving
1204,free driving
1205,free driving
1206,free driving
1207,free driving
1208,free driving
1209,free driving
1210,free driving
1211,free driving
1212,free driving
1213,free driving
1214,free driving
1215,free driving
1216,free driving
1217,free driving
1218,free driving
1219,free driving
1220,free driving
1221,free driving
1222,free driving
1223,free driving
1224,free driving
1225,free driving
1226,free driving
1227,free driving
1228,free driving
1229,free driving
1230,free driving
1231,free driving
1232,free driving
1233,free driving
1234,free driving
1235,free driving
1236,cut in
1237,cut in
1238,cut in
1239,cut in
1240,cut in
1241,free driving
1242,free driving
1243,free driving
1244,free driving
1245,free driving
1246,free driving
1247,free driving
1248,free driving
1249,free driving
1250,free driving
1251,free driving
1252,free driving
1253,free driving
1254,free driving
1255,free driving
1256,free driving
1257,free driving
1258,free driving
1259,free driving
1260,free driving
1261,free driving
1262,free driving
1263,free driving
1264,free driving
1265,free driving
1266,free driving
1267,free driving
1268,free driving
1269,free driving
1270,free driving
1271,cut in
1272,cut in
1273,cut in
1274,cut in
1275,cut in
1276,free driving
1277,free driving
1278,free driving
1279,free driving
1280,free driving
1281,free driving
1282,free driving
1283,else
1284,else
1285,free driving
1286,free driving
1287,free driving
1288,free driving
1289,free driving
1290,free driving
1291,free driving
1292,free driving
1293,free driving
1294,free driving
1295,free driving
1296,free driving
1297,free driving
1298,free driving
1299,free driving
1300,free driving
1301,free driving
1302,free driving
1303,free driving
1304,free driving
1305,free driving
1306,free driving
1307,free driving
1308,free driving
1309,free driving
1310,free driving
1311,free driving
1312,free driving
1313,free driving
1314,free driving
1315,free driving
1316,free driving
1317,free driving
1318,free driving
1319,free driving
1320,free driving
1321,free driving
1322,free driving
1323,free driving
1324,free driving
1325,free driving
1326,free driving
1327,free driving
1328,free driving
1329,free driving
1330,free driving
1331,free driving
1332,free driving
1333,free driving
1334,free driving
1335,free driving
1336,free driving
1337,free driving
1338,free driving
1339,free driving
1340,free driving
1341,free driving
1342,free driving
1343,free driving
1344,free driving
1345,free driving
1346,free driving
1347,free driving
1348,free driving
1349,free driving
1350,free driving
1351,free driving
1352,free driving
1353,free driving
1354,free driving
1355,free driving
1356,free driving
1357,free driving
1358,free driving
1359,else
1360,else
1361,following
1362,free driving
1363,free driving
1364,free driving
1365,free driving
1366,free driving
1367,free driving
1368,free driving
1369,free driving
1370,free driving
1371,free driving
1372,free driving
1373,free driving
1374,free driving
1375,free driving
1376,free driving
1377,free driving
1378,free driving
1379,free driving
1380,free driving
1381,free driving
1382,free driving
1383,free driving
1384,free driving
1385,free driving
1386,free driving
1387,free driving
1388,free driving
1389,free driving
1390,free driving
1391,free driving
1392,free driving
1393,free driving
1394,free driving
1395,free driving
1396,free driving
1397,free driving
1398,free driving
1399,free driving
1400,free driving
1401,free driving
1402,free driving
1403,free driving
1404,free driving
1405,free driving
1406,free driving
1407,free driving
1408,free driving
1409,free driving
1410,free driving
1411,free driving
1412,free driving
1413,free driving
1414,free driving
1415,free driving
1416,free driving
1417,else
1418,free driving
1419,free driving
1420,free driving
1421,free driving
1422,free driving
1423,free driving
1424,free driving
1425,free driving
1426,free driving
1427,free driving
1428,free driving
1429,free driving
1430,free driving
1431,free driving
1432,free driving
1433,free driving
1434,free driving
1435,free driving
1436,free driving
1437,free driving
1438,free driving
1439,free driving
1440,free driving
1441,free driving
1442,free driving
1443,free driving
1444,cut in
1445,cut in
1446,cut in
1447,cut in
1448,cut in
1449,free driving
1450,free driving
1451,free driving
1452,free driving
1453,free driving
1454,free driving
1455,free driving
1456,free driving
1457,free driving
1458,free driving
1459,free driving
1460,free driving
1461,free driving
1462,free driving
1463,free driving
1464,free driving
1465,free driving
1466,free driving
1467,free driving
1468,free driving
1469,free driving
1470,free driving
1471,free driving
1472,free driving
1473,free driving
1474,free driving
1475,free driving
1476,free driving
1477,free driving
1478,free driving
1479,free driving
1480,free driving
1481,free driving
1482,free driving
1483,free driving
1484,else
1485,free driving
1486,free driving
1487,free driving
1488,free driving
1489,free driving
1490,free driving
1491,free driving
1492,free driving
1493,free driving
1494,free driving
1495,free driving
1496,free driving
1497,free driving
1498,free driving
1499,free driving
1500,free driving
1501,free driving
1502,free driving
1503,free driving
1504,free driving
1505,free driving
1506,free driving
1507,free driving
1508,free driving
1509,free driving
1510,free driving
1511,free driving
1512,free driving
1513,free driving
1514,free driving
1515,free driving
1516,free driving
1517,free driving
1518,free driving
1519,free driving
1520,free driving
1521,free driving
1522,free driving
1523,free driving
1524,free driving
1525,free driving
1526,free driving
1527,free driving
1528,free driving
1529,free driving
1530,free driving
1531,free driving
1532,free driving
1533,free driving
1534,free driving
1535,free driving
1536,free driving
1537,free driving
1538,free driving
1539,free driving
1540,free driving
1541,else
1542,following
1543,free driving
1544,free driving
1545,free driving
1546,free driving
1547,free driving
1548,free driving
1549,free driving
1550,free driving
1551,free driving
1552,free driving
1553,free driving
1554,free driving
1555,free driving
1556,free driving
1557,free driving
1558,free driving
1559,free driving
1560,free driving
1561,free driving
1562,free driving
1563,free driving
1564,free driving
1565,free driving
1566,free driving
1567,free driving
1568,free driving
1569,free driving
1570,free driving
1571,free driving
1572,free driving
1573,free driving
1574,free driving
1575,free driving
1576,free driving
1577,free driving
1578,free driving
1579,free driving
1580,free driving
1581,free driving
1582,free driving
1583,free driving
1584,free driving
1585,free driving
1586,free driving
1587,free driving
1588,free driving
1589,free driving
1590,free driving
1591,free driving
1592,free driving
1593,free driving
1594,free driving
1595,free driving
1596,free driving
1597,free driving
1598,free driving
1599,free driving
1600,else
1601,else
1602,free driving
1603,free driving
1604,free driving
1605,free driving
1606,free driving
1607,free driving
1608,free driving
1609,free driving
1610,free driving
1611,free driving
1612,free driving
1613,free driving
1614,free driving
1615,free driving
1616,free driving
1617,free driving
1618,free driving
1619,free driving
1620,free driving
1621,free driving
1622,free driving
1623,free driving
1624,free driving
1625,free driving
1626,free driving
1627,free driving
1628,free driving
1629,free driving
1630,free driving
1631,free driving
1632,free driving
1633,free driving
1634,free driving
1635,free driving
1636,cut in
1637,cut in
1638,cut in
1639,cut in
1640,cut in
1641,free driving
1642,free driving
1643,free driving
1644,free driving
1645,free driving
1646,free driving
1647,cut in
1648,cut in
1649,cut in
1650,cut in
1651,cut in
1652,free driving
1653,free driving
1654,free driving
1655,free driving
1656,free driving
1657,free driving
1658,free driving
1659,free driving
1660,free driving
1661,free driving
1662,else
1663,else
1664,free driving
1665,free driving
1666,free driving
1667,free driving
1668,free driving
1669,free driving
1670,free driving
1671,free driving
1672,free driving
1673,free driving
1674,free driving
1675,free driving
1676,free driving
1677,free driving
1678,free driving
1679,free driving
1680,free driving
1681,free driving
1682,free driving
1683,free driving
1684,free driving
1685,free driving
1686,free driving
1687,free driving
1688,free driving
1689,free driving
1690,free driving
1691,free driving
1692,free driving
1693,free driving
1694,free driving
1695,free driving
1696,free driving
1697,free driving
1698,free driving
1699,free driving
1700,free driving
1701,free driving
1702,free driving
1703,free driving
1704,free driving
1705,free driving
1706,free driving
1707,free driving
1708,free driving
1709,free driving
1710,free driving
1711,free driving
1712,free driving
1713,free driving
1714,free driving
1715,free driving
1716,free driving
1717,free driving
1718,else
1719,following
1720,following
1721,following
1722,free driving
1723,free driving
1724,free driving
1725,free driving
1726,free driving
1727,free driving
1728,free driving
1729,free driving
1730,free driving
1731,free driving
1732,free driving
1733,free driving
1734,free driving
1735,free driving
1736,free driving
1737,free driving
1738,free driving
1739,free driving
1740,free driving
1741,free driving
1742,else
1743,else
1744,following
1745,following
1746,following
1747,following
1748,free driving
1749,free driving
1750,free driving
1751,free driving
1752,free driving
1753,free driving
1754,free driving
1755,free driving
1756,free driving
1757,free driving
1758,free driving
1759,free driving
1760,free driving
1761,free driving
1762,free driving
1763,free driving
1764,free driving
1765,free driving
1766,free driving
1767,free driving
1768,free driving
1769,free driving
1770,free driving
1771,free driving
1772,free driving
1773,free driving
1774,free driving
1775,free driving
1776,free driving
1777,free driving
1778,free driving
1779,free driving
1780,free driving
1781,free driving
1782,free driving
1783,free driving
1784,free driving
1785,free driving
1786,free driving
1787,free driving
1788,free driving
1789,free driving
1790,free driving
1791,free driving
1792,free driving
1793,free driving
1794,free driving
1795,free driving
1796,free driving
1797,free driving
1798,free driving
1799,free driving
1800,free driving
1801,free driving
1802,free driving
1803,free driving
1804,free driving
1805,free driving
1806,free driving
1807,free driving
1808,free driving
1809,free driving
1810,free driving
1811,free driving
1812,free driving
1813,free driving
1814,free driving
1815,free driving
1816,free driving
1817,free driving
1818,free driving
1819,else
1820,else
1821,following
1822,free driving
1823,free driving
1824,free driving
1825,free driving
1826,free driving
1827,free driving
1828,free driving
1829,free driving
1830,free driving
1831,free driving
1832,free driving
1833,free driving
1834,free driving
1835,free driving
1836,free driving
1837,free driving
1838,free driving
1839,free driving
1840,free driving
1841,free driving
1842,free driving
1843,free driving
1844,free driving
1845,free driving
1846,free driving
1847,free driving
1848,free driving
1849,free driving
1850,free driving
1851,free driving
1852,free driving
1853,free driving
1854,free driving
1855,free driving
1856,free driving
1857,free driving
1858,free driving
1859,free driving
1860,free driving
1861,free driving
1862,free driving
1863,free driving
1864,free driving
1865,free driving
1866,free driving
1867,free driving
1868,free driving
1869,free driving
1870,cut in
1871,cut in
1872,cut in
1873,cut in
1874,free driving
1875,free driving
1876,else
1877,following
1878,free driving
1879,free driving
1880,free driving
1881,free driving
1882,free driving
1883,free driving
1884,free driving
1885,free driving
1886,free driving
1887,free driving
1888,free driving
1889,free driving
1890,free driving
1891,free driving
1892,free driving
1893,free driving
1894,free driving
1895,free driving
1896,free driving
1897,free driving
1898,free driving
1899,free driving
1900,free driving
1901,free driving
1902,free driving
1903,free driving
1904,free driving
1905,free driving
1906,free driving
1907,free driving
1908,free driving
1909,free driving
1910,free driving
1911,free driving
1912,free driving
1913,free driving
1914,free driving
1915,free driving
1916,free driving
1917,free driving
1918,free driving
1919,free driving
1920,free driving
1921,free driving
1922,free driving
1923,free driving
1924,free driving
1925,free driving
1926,free driving
1927,free driving
1928,free driving
1929,free driving
1930,else
1931,else
1932,following
1933,following
1934,free driving
1935,free driving
1936,free driving
1937,free driving
1938,free driving
1939,free driving
1940,free driving
1941,free driving
1942,free driving
1943,free driving
1944,free driving
1945,free driving
1946,free driving
1947,free driving
1948,free driving
1949,free driving
1950,free driving
1951,free driving
1952,free driving
1953,free driving
1954,free driving
1955,free driving
1956,free driving
1957,free driving
1958,else
1959,else
1960,free driving
1961,free driving
1962,free driving
1963,free driving
1964,free driving
1965,free driving
1966,free driving
1967,free driving
1968,free driving
1969,free driving
1970,free driving
1971,free driving
1972,free driving
1973,free driving
1974,free driving
1975,free driving
1976,free driving
1977,free driving
1978,free driving
1979,free driving
1980,free driving
1981,free driving
1982,free driving
1983,free driving
1984,free driving
1985,free driving
1986,free driving
1987,free driving
1988,free driving
1989,free driving
1990,free driving
1991,free driving
1992,free driving
1993,free driving
1994,free driving
1995,free driving
1996,free driving
1997,free driving
1998,free driving
1999,free driving
2000,free driving
2001,free driving
2002,free driving
2003,free driving
2004,free driving
2005,free driving
2006,free driving
2007,free driving
2008,free driving
2009,free driving
2010,free driving
2011,free driving
2012,free driving
2013,else
2014,free driving
2015,free driving
2016,free driving
2017,free driving
2018,free driving
2019,free driving
2020,free driving
2021,free driving
2022,free driving
2023,free driving
2024,free driving
2025,free driving
2026,free driving
2027,free driving
2028,free driving
2029,free driving
2030,free driving
2031,free driving
2032,free driving
2033,free driving
2034,free driving
2035,free driving
2036,free driving
2037,free driving
2038,free driving
2039,free driving
2040,free driving
2041,free driving
2042,free driving
2043,free driving
2044,free driving
2045,free driving
2046,free driving
2047,free driving
2048,free driving
2049,free driving
2050,free driving
2051,free driving
2052,free driving
2053,free driving
2054,free driving
2055,free driving
2056,free driving
2057,free driving
2058,free driving
2059,free driving
2060,free driving
2061,free driving
2062,free driving
2063,free driving
2064,free driving
2065,free driving
2066,free driving
2067,free driving
2068,free driving
2069,free driving
2070,free driving
2071,free driving
2072,free driving
2073,free driving
2074,free driving
2075,free driving
2076,free driving
2077,free driving
2078,free driving
2079,free driving
2080,free driving
2081,free driving
2082,free driving
2083,free driving
2084,free driving
2085,else
2086,else
2087,free driving
2088,free driving
2089,free driving
2090,free driving
2091,free driving
2092,free driving
2093,free driving
2094,free driving
2095,free driving
2096,free driving
2097,free driving
2098,free driving
2099,free driving
2100,free driving
2101,free driving
2102,free driving
2103,free driving
2104,free driving
2105,free driving
2106,free driving
2107,free driving
2108,free driving
2109,free driving
2110,free driving
2111,free driving
2112,free driving
2113,free driving
2114,free driving
2115,free driving
2116,free driving
2117,free driving
2118,free driving
2119,free driving
2120,free driving
2121,free driving
2122,free driving
2123,free driving
2124,free driving
2125,free driving
2126,free driving
2127,free driving
2128,free driving
2129,free driving
2130,free driving
2131,free driving
2132,free driving
2133,free driving
2134,free driving
2135,free driving
2136,free driving
2137,free driving
2138,free driving
2139,free driving
2140,else
2141,following
2142,free driving
2143,free driving
2144,free driving
2145,free driving
2146,free driving
2147,free driving
2148,free driving
2149,free driving
2150,free driving
2151,free driving
2152,free driving
2153,free driving
2154,free driving
2155,free driving
2156,free driving
2157,free driving
2158,free driving
2159,free driving
2160,free driving
2161,free driving
2162,free driving
2163,free driving
2164,free driving
2165,free driving
2166,free driving
2167,free driving
2168,free driving
2169,free driving
2170,free driving
2171,free driving
2172,free driving
2173,free driving
2174,free driving
2175,free driving
2176,free driving
2177,free driving
2178,free driving
2179,free driving
2180,free driving
2181,free driving
2182,free driving
2183,free driving
2184,free driving
2185,free driving
2186,free driving
2187,free driving
2188,free driving
2189,free driving
2190,free driving
2191,free driving
2192,free driving
2193,free driving
2194,free driving
2195,free driving
2196,free driving
2197,free driving
2198,free driving
2199,free driving
2200,free driving
2201,else
2202,else
2203,free driving
2204,free driving
2205,free driving
2206,free driving
2207,free driving
2208,free driving
2209,free driving
2210,free driving
2211,free driving
2212,free driving
2213,free driving
2214,free driving
2215,free driving
2216,free driving
2217,free driving
2218,free driving
2219,free driving
2220,free driving
2221,free driving
2222,free driving
2223,free driving
2224,free driving
2225,free driving
2226,free driving
2227,else
2228,free driving
2229,free driving
2230,free driving
2231,free driving
2232,free driving
2233,free driving
2234,free driving
2235,free driving
2236,free driving
2237,free driving
2238,free driving
2239,free driving
2240,free driving
2241,free driving
2242,free driving
2243,free driving
2244,free driving
2245,free driving
2246,free driving
2247,free driving
2248,free driving
2249,free driving
2250,free driving
2251,free driving
2252,free driving
2253,free driving
2254,free driving
2255,free driving
2256,free driving
2257,free driving
2258,free driving
2259,free driving
2260,free driving
2261,free driving
2262,free driving
2263,free driving
2264,free driving
2265,free driving
2266,free driving
2267,free driving
2268,free driving
2269,free driving
2270,free driving
2271,cut in
2272,cut in
2273,cut in
2274,cut in
2275,free driving
2276,free driving
2277,free driving
2278,free driving
2279,free driving
2280,free driving
2281,free driving
2282,free driving
2283,free driving
2284,free driving
2285,free driving
2286,free driving
2287,free driving
2288,free driving
2289,free driving
2290,free driving
2291,free driving
2292,free driving
2293,free driving
2294,free driving
2295,free driving
2296,free driving
2297,free driving
2298,free driving
2299,free driving
2300,free driving
2301,free driving
2302,free driving
2303,free driving
2304,free driving
2305,free driving
2306,free driving
2307,free driving
2308,free driving
2309,free driving
2310,free driving
2311,free driving
2312,free driving
2313,free driving
2314,free driving
2315,free driving
2316,free driving
2317,free driving
2318,free driving
2319,free driving
2320,free driving
2321,free driving
2322,free driving
2323,free driving
2324,free driving
2325,free driving
2326,free driving
2327,free driving
2328,free driving
2329,free driving
2330,free driving
2331,free driving
2332,free driving
2333,free driving
2334,free driving
2335,free driving
2336,free driving
2337,free driving
2338,else
2339,else
2340,free driving
2341,free driving
2342,free driving
2343,free driving
2344,free driving
2345,free driving
2346,free driving
2347,free driving
2348,free driving
2349,free driving
2350,free driving
2351,free driving
2352,free driving
2353,free driving
2354,free driving
2355,free driving
2356,free driving
2357,free driving
2358,free driving
2359,free driving
2360,free driving
2361,free driving
2362,free driving
2363,free driving
2364,free driving
2365,free driving
2366,free driving
2367,free driving
2368,free driving
2369,free driving
2370,free driving
2371,free driving
2372,free driving
2373,free driving
2374,free driving
2375,free driving
2376,free driving
2377,free driving
2378,free driving
2379,free driving
2380,free driving
2381,free driving
2382,free driving
2383,free driving
2384,free driving
2385,free driving
2386,free driving
2387,free driving
2388,free driving
2389,free driving
2390,free driving
2391,free driving
2392,free driving
2393,free driving
2394,free driving
2395,free driving
2396,free driving
2397,free driving
2398,free driving
2399,free driving
2400,else
2401,else
2402,following
2403,following
2404,following
2405,following
2406,following
2407,free driving
2408,free driving
2409,free driving
2410,free driving
2411,free driving
2412,free driving
2413,free driving
2414,free driving
2415,free driving
2416,free driving
2417,free driving
2418,free driving
2419,free driving
2420,free driving
2421,free driving
2422,free driving
2423,free driving
2424,free driving
2425,free driving
2426,free driving
2427,free driving
2428,free driving
2429,free driving
2430,free driving
2431,free driving
2432,free driving
2433,free driving
2434,free driving
2435,free driving
2436,free driving
2437,free driving
2438,free driving
2439,free driving
2440,free driving
2441,free driving
2442,free driving
2443,free driving
2444,free driving
2445,free driving
2446,free driving
2447,free driving
2448,free driving
2449,free driving
2450,free driving
2451,free driving
2452,free driving
2453,free driving
2454,free driving
2455,free driving
2456,free driving
2457,free driving
2458,free driving
2459,free driving
2460,free driving
2461,free driving
2462,else
2463,following
2464,free driving
2465,free driving
2466,free driving
2467,free driving
2468,free driving
2469,free driving
2470,free driving
2471,free driving
2472,free driving
2473,free driving
2474,free driving
2475,free driving
2476,free driving
2477,free driving
2478,free driving
2479,free driving
2480,free driving
2481,free driving
2482,free driving
2483,free driving
2484,free driving
2485,free driving
2486,free driving
2487,free driving
2488,free driving
2489,free driving
2490,free driving
2491,free driving
2492,free driving
2493,free driving
2494,free driving
2495,free driving
2496,free driving
2497,free driving
2498,free driving
2499,free driving
2500,free driving
2501,free driving
2502,free driving
2503,free driving
2504,free driving
2505,free driving
2506,else
2507,else
2508,following
2509,following
2510,free driving
2511,free driving
2512,free driving
2513,free driving
2514,free driving
2515,free driving
2516,free driving
2517,free driving
2518,free driving
2519,free driving
2520,free driving
2521,free driving
2522,free driving
2523,free driving
2524,free driving
2525,free driving
2526,free driving
2527,free driving
2528,free driving
2529,free driving
2530,free driving
2531,free driving
2532,free driving
2533,free driving
2534,free driving
2535,free driving
2536,free driving
2537,free driving
2538,free driving
2539,free driving
2540,free driving
2541,free driving
2542,free driving
2543,free driving
2544,cut in
2545,cut in
2546,cut in
2547,cut in
2548,cut in
2549,free driving
2550,free driving
2551,free driving
2552,free driving
2553,free driving
2554,free driving
2555,free driving
2556,free driving
2557,free driving
2558,free driving
2559,free driving
2560,free driving
2561,free driving
2562,free driving
2563,free driving
2564,free driving
2565,else
2566,free driving
2567,free driving
2568,free driving
2569,free driving
2570,free driving
2571,free driving
2572,free driving
2573,free driving
2574,free driving
2575,free driving
2576,free driving
2577,free driving
2578,free driving
2579,free driving
2580,free driving
2581,free driving
2582,free driving
2583,free driving
2584,free driving
2585,free driving
2586,free driving
2587,free driving
2588,free driving
2589,else
2590,following
2591,free driving
2592,free driving
2593,free driving
2594,free driving
2595,free driving
2596,free driving
2597,free driving
2598,free driving
2599,free driving
2600,free driving
2601,free driving
2602,free driving
2603,free driving
2604,free driving
2605,free driving
2606,free driving
2607,free driving
2608,free driving
2609,free driving
2610,free driving
2611,free driving
2612,free driving
2613,free driving
2614,free driving
2615,free driving
2616,free driving
2617,free driving
2618,free driving
2619,free driving
2620,free driving
2621,free driving
2622,free driving
2623,free driving
2624,free driving
2625,free driving
2626,free driving
2627,free driving
2628,free driving
2629,free driving
2630,free driving
2631,free driving
2632,free driving
2633,free driving
2634,free driving
2635,free driving
2636,free driving
2637,free driving
2638,free driving
2639,free driving
2640,free driving
2641,free driving
2642,free driving
2643,free driving
2644,free driving
2645,free driving
2646,else
2647,free driving
2648,free driving
2649,free driving
2650,free driving
2651,free driving
2652,free driving
2653,free driving
2654,free driving
2655,free driving
2656,free driving
2657,free driving
2658,free driving
2659,free driving
2660,free driving
2661,free driving
2662,free driving
2663,free driving
2664,free driving
2665,free driving
2666,free driving
2667,free driving
2668,free driving
2669,free driving
2670,free driving
2671,free driving
2672,free driving
2673,free driving
2674,free driving
2675,free driving
2676,free driving
2677,free driving
2678,free driving
2679,free driving
2680,free driving
2681,free driving
2682,free driving
2683,free driving
2684,free driving
2685,free driving
2686,free driving
2687,free driving
2688,free driving
2689,free driving
2690,free driving
2691,free driving
2692,free driving
2693,free driving
2694,free driving
2695,free driving
2696,free driving
2697,else
2698,else
2699,following
2700,free driving
2701,free driving
2702,free driving
2703,free driving
2704,free driving
2705,free driving
2706,free driving
2707,free driving
2708,free driving
2709,free driving
2710,free driving
2711,free driving
2712,free driving
2713,free driving
2714,free driving
2715,free driving
2716,free driving
2717,free driving
2718,free driving
2719,free driving
2720,free driving
2721,free driving
2722,free driving
2723,free driving
2724,free driving
2725,free driving
2726,free driving
2727,free driving
2728,free driving
2729,free driving
2730,free driving
2731,free driving
2732,free driving
2733,free driving
2734,free driving
2735,free driving
2736,free driving
2737,free driving
2738,free driving
2739,free driving
2740,free driving
2741,free driving
2742,free driving
2743,free driving
2744,free driving
2745,free driving
2746,free driving
2747,free driving
2748,free driving
2749,free driving
2750,free driving
2751,free driving
2752,free driving
2753,else
2754,else
2755,following
2756,free driving
2757,free driving
2758,free driving
2759,free driving
2760,free driving
2761,free driving
2762,free driving
2763,free driving
2764,free driving
2765,free driving
2766,free driving
2767,free driving
2768,free driving
2769,free driving
2770,free driving
2771,free driving
2772,free driving
2773,free driving
2774,free driving
2775,free driving
2776,free driving
2777,free driving
2778,free driving
2779,free driving
2780,free driving
2781,free driving
2782,free driving
2783,free driving
2784,free driving
2785,free driving
2786,free driving
2787,free driving
2788,free driving
2789,free driving
2790,free driving
2791,free driving
2792,free driving
2793,free driving
2794,free driving
2795,free driving
2796,free driving
2797,free driving
2798,cut in
2799,cut in
2800,cut in
2801,cut in
2802,cut in
2803,free driving
2804,free driving
2805,free driving
2806,free driving
2807,free driving
2808,free driving
2809,free driving
2810,free driving
2811,free driving
2812,free driving
2813,else
2814,else
2815,following
2816,following
2817,following
2818,free driving
2819,free driving
2820,free driving
2821,free driving
2822,free driving
2823,free driving
2824,free driving
2825,free driving
2826,free driving
2827,free driving
2828,free driving
2829,free driving
2830,free driving
2831,free driving
2832,free driving
2833,free driving
2834,free driving
2835,free driving
2836,free driving
2837,free driving
2838,free driving
2839,free driving
2840,else
2841,else
2842,following
2843,free driving
2844,free driving
2845,free driving
2846,free driving
2847,free driving
2848,free driving
2849,free driving
2850,free driving
2851,free driving
2852,free driving
2853,free driving
2854,free driving
2855,free driving
2856,free driving
2857,free driving
2858,free driving
2859,free driving
2860,free driving
2861,free driving
2862,free driving
2863,free driving
2864,free driving
2865,free driving
2866,free driving
2867,free driving
2868,free driving
2869,free driving
2870,free driving
2871,free driving
2872,free driving
2873,free driving
2874,free driving
2875,free driving
2876,free driving
2877,free driving
2878,free driving
2879,free driving
2880,free driving
2881,free driving
2882,free driving
2883,free driving
2884,free driving
2885,free driving
2886,free driving
2887,free driving
2888,free driving
2889,free driving
2890,free driving
2891,free driving
2892,free driving
2893,free driving
2894,else
2895,following
2896,free driving
2897,free driving
2898,free driving
2899,free driving
2900,free driving
2901,free driving
2902,free driving
2903,free driving
2904,free driving
2905,free driving
2906,free driving
2907,free driving
2908,free driving
2909,free driving
2910,free driving
2911,free driving
2912,free driving
2913,free driving
2914,free driving
2915,free driving
2916,free driving
2917,free driving
2918,free driving
2919,free driving
2920,free driving
2921,free driving
2922,free driving
2923,free driving
2924,free driving
2925,free driving
2926,free driving
2927,free driving
2928,free driving
2929,free driving
2930,free driving
2931,free driving
2932,free driving
2933,free driving
2934,free driving
2935,free driving
2936,free driving
2937,free driving
2938,else
2939,following
2940,following
2941,following
2942,following
2943,free driving
2944,free driving
2945,free driving
2946,free driving
2947,free driving
2948,free driving
2949,free driving
2950,free driving
2951,free driving
2952,free driving
2953,free driving
2954,free driving
2955,free driving
2956,free driving
2957,free driving
2958,free driving
2959,free driving
2960,free driving
2961,free driving
2962,free driving
2963,free driving
2964,free driving
2965,free driving
2966,free driving
2967,free driving
2968,free driving
2969,free driving
2970,free driving
2971,free driving
2972,free driving
2973,free driving
2974,free driving
2975,free driving
2976,free driving
2977,free driving
2978,free driving
2979,free driving
2980,free driving
2981,free driving
2982,free driving
2983,free driving
2984,free driving
2985,free driving
2986,free driving
2987,free driving
2988,free driving
2989,free driving
2990,free driving
2991,free driving
2992,free driving
2993,free driving
2994,free driving
2995,free driving
2996,free driving
2997,free driving
2998,free driving
2999,free driving
3000,free driving
3001,else
3002,free driving
3003,free driving
3004,free driving
3005,free driving
3006,free driving
3007,free driving
3008,free driving
3009,free driving
3010,free driving
3011,free driving
3012,free driving
3013,free driving
3014,free driving
3015,free driving
3016,free driving
3017,free driving
3018,free driving
3019,free driving
3020,free driving
3021,free driving
3022,free driving
3023,free driving
3024,free driving
3025,free driving
3026,free driving
3027,free driving
3028,free driving
3029,free driving
3030,free driving
3031,free driving
3032,free driving
3033,free driving
3034,free driving
3035,free driving
3036,free driving
3037,free driving
3038,free driving
3039,free driving
3040,free driving
3041,free driving
3042,free driving
3043,free driving
3044,free driving
3045,free driving
3046,free driving
3047,free driving
3048,free driving
3049,free driving
3050,free driving
3051,free driving
3052,free driving
3053,free driving
3054,free driving
3055,free driving
3056,free driving
3057,else
3058,free driving
3059,free driving
3060,free driving
3061,free driving
3062,free driving
3063,free driving
3064,free driving
3065,free driving
3066,free driving
3067,free driving
3068,free driving
3069,free driving
3070,free driving
3071,free driving
3072,free driving
3073,free driving
3074,free driving
3075,free driving
3076,free driving
3077,free driving
3078,free driving
3079,free driving
3080,free driving
3081,free driving
3082,free driving
3083,free driving
3084,free driving
3085,free driving
3086,free driving
3087,free driving
3088,free driving
3089,free driving
3090,free driving
3091,free driving
3092,free driving
3093,free driving
3094,free driving
3095,free driving
3096,free driving
3097,free driving
3098,free driving
3099,free driving
3100,free driving
3101,free driving
3102,free driving
3103,free driving
3104,free driving
3105,free driving
3106,free driving
3107,free driving
3108,else
3109,following
3110,following
3111,free driving
3112,free driving
3113,free driving
3114,free driving
3115,free driving
3116,free driving
3117,free driving
3118,free driving
3119,free driving
3120,free driving
3121,free driving
3122,free driving
3123,free driving
3124,free driving
3125,free driving
3126,free driving
3127,free driving
3128,free driving
3129,free driving
3130,free driving
3131,free driving
3132,free driving
3133,free driving
3134,free driving
3135,free driving
3136,cut in
3137,cut in
3138,cut in
3139,cut in
3140,cut in
3141,free driving
3142,free driving
3143,free driving
3144,free driving
3145,free driving
3146,free driving
3147,free driving
3148,free driving
3149,free driving
3150,free driving
3151,free driving
3152,free driving
3153,free driving
3154,free driving
3155,free driving
3156,free driving
3157,free driving
3158,free driving
3159,free driving
3160,free driving
3161,free driving
3162,else
3163,free driving
3164,free driving
3165,free driving
3166,free driving
3167,free driving
3168,free driving
3169,free driving
3170,free driving
3171,free driving
3172,free driving
3173,free driving
3174,free driving
3175,free driving
3176,free driving
3177,free driving
3178,free driving
3179,free driving
3180,free driving
3181,free driving
3182,free driving
3183,free driving
3184,free driving
3185,free driving
3186,else
3187,else
3188,cut in
3189,cut in
3190,cut in
3191,cut in
3192,cut in
3193,cut in
3194,cut in
3195,cut in
3196,free driving
3197,free driving
3198,free driving
3199,free driving
3200,free driving
3201,free driving
3202,free driving
3203,free driving
3204,free driving
3205,free driving
3206,free driving
3207,free driving
3208,free driving
3209,free driving
3210,free driving
3211,free driving
3212,free driving
3213,free driving
3214,free driving
3215,free driving
3216,free driving
3217,free driving
3218,free driving
3219,free driving
3220,free driving
3221,free driving
3222,free driving
3223,free driving
3224,free driving
3225,free driving
3226,free driving
3227,free driving
3228,free driving
3229,free driving
3230,free driving
3231,free driving
3232,free driving
3233,free driving
3234,free driving
3235,free driving
3236,free driving
3237,else
3238,else
3239,following
3240,free driving
3241,free driving
3242,free driving
3243,free driving
3244,free driving
3245,free driving
3246,free driving
3247,free driving
3248,free driving
3249,free driving
3250,free driving
3251,free driving
3252,free driving
3253,free driving
3254,free driving
3255,free driving
3256,free driving
3257,free driving
3258,free driving
3259,free driving
3260,free driving
3261,free driving
3262,free driving
3263,free driving
3264,free driving
3265,free driving
3266,free driving
3267,free driving
3268,free driving
3269,free driving
3270,free driving
3271,free driving
3272,free driving
3273,free driving
3274,free driving
3275,free driving
3276,free driving
3277,free driving
3278,free driving
3279,free driving
3280,free driving
3281,free driving
3282,free driving
3283,free driving
3284,free driving
3285,free driving
3286,free driving
3287,free driving
3288,free driving
3289,free driving
3290,free driving
3291,free driving
3292,free driving
3293,else
3294,else
3295,free driving
3296,free driving
3297,free driving
3298,free driving
3299,free driving
3300,free driving
3301,free driving
3302,free driving
3303,free driving
3304,free driving
3305,free driving
3306,free driving
3307,free driving
3308,free driving
3309,free driving
3310,free driving
3311,free driving
3312,free driving
3313,free driving
3314,free driving
3315,free driving
3316,free driving
3317,free driving
3318,free driving
3319,free driving
3320,free driving
3321,free driving
3322,free driving
3323,free driving
3324,free driving
3325,free driving
3326,free driving
3327,free driving
3328,free driving
3329,free driving
3330,free driving
3331,free driving
3332,free driving
3333,free driving
3334,free driving
3335,free driving
3336,free driving
3337,free driving
3338,free driving
3339,free driving
3340,free driving
3341,free driving
3342,free driving
3343,free driving
3344,free driving
3345,free driving
3346,free driving
3347,else
3348,else
3349,free driving
3350,free driving
3351,free driving
3352,free driving
3353,free driving
3354,free driving
3355,free driving
3356,free driving
3357,free driving
3358,free driving
3359,free driving
3360,free driving
3361,free driving
3362,free driving
3363,free driving
3364,free driving
3365,free driving
3366,free driving
3367,free driving
3368,free driving
3369,free driving
3370,free driving
3371,free driving
3372,else
3373,free driving
3374,cut in
3375,cut in
3376,cut in
3377,cut in
3378,free driving
3379,free driving
3380,free driving
3381,free driving
3382,free driving
3383,free driving
3384,free driving
3385,free driving
3386,free driving
3387,free driving
3388,free driving
3389,free driving
3390,free driving
3391,free driving
3392,free driving
3393,free driving
3394,free driving
3395,free driving
3396,free driving
3397,free driving
3398,free driving
3399,free driving
3400,free driving
3401,free driving
3402,free driving
3403,free driving
3404,free driving
3405,free driving
3406,free driving
3407,free driving
3408,free driving
3409,free driving
3410,free driving
3411,free driving
3412,free driving
3413,free driving
3414,free driving
3415,free driving
3416,free driving
3417,free driving
3418,else
3419,else
3420,following
3421,free driving
3422,free driving
3423,free driving
3424,free driving
3425,free driving
3426,free driving
3427,free driving
3428,free driving
3429,free driving
3430,free driving
3431,free driving
3432,free driving
3433,free driving
3434,free driving
3435,free driving
3436,free driving
3437,free driving
3438,free driving
3439,free driving
3440,free driving
3441,free driving
3442,free driving
3443,free driving
3444,free driving
3445,free driving
3446,free driving
3447,free driving
3448,free driving
3449,free driving
3450,free driving
3451,free driving
3452,free driving
3453,free driving
3454,free driving
3455,free driving
3456,free driving
3457,free driving
3458,free driving
3459,free driving
3460,free driving
3461,free driving
3462,free driving
3463,free driving
3464,free driving
3465,free driving
3466,free driving
3467,free driving
3468,free driving
3469,free driving
3470,free driving
3471,free driving
3472,free driving
3473,free driving
3474,else
3475,following
3476,following
3477,following
3478,following
3479,following
3480,following
3481,free driving
3482,free driving
3483,free driving
3484,free driving
3485,free driving
3486,free driving
3487,free driving
3488,free driving
3489,free driving
3490,free driving
3491,free driving
3492,free driving
3493,free driving
3494,free driving
3495,free driving
3496,free driving
3497,free driving
3498,free driving
3499,free driving
3500,free driving
3501,free driving
3502,free driving
3503,free driving
3504,free driving
3505,free driving
3506,free driving
3507,free driving
3508,free driving
3509,free driving
3510,free driving
3511,free driving
3512,free driving
3513,free driving
3514,free driving
3515,free driving
3516,free driving
3517,free driving
3518,free driving
3519,free driving
3520,free driving
3521,free driving
3522,free driving
3523,free driving
3524,free driving
3525,free driving
3526,free driving
3527,free driving
3528,free driving
3529,free driving
3530,free driving
3531,else
3532,else
3533,following
3534,following
3535,following
3536,following
3537,cut in
3538,cut in
3539,cut in
3540,cut in
3541,cut in
3542,free driving
3543,free driving
3544,free driving
3545,free driving
3546,free driving
3547,free driving
3548,free driving
3549,free driving
3550,free driving
3551,free driving
3552,free driving
3553,free driving
3554,free driving
3555,free driving
3556,free driving
3557,free driving
3558,free driving
3559,free driving
3560,free driving
3561,free driving
3562,free driving
3563,free driving
3564,free driving
3565,free driving
3566,free driving
3567,free driving
3568,free driving
3569,else
3570,free driving
3571,free driving
3572,free driving
3573,free driving
3574,free driving
3575,free driving
3576,free driving
3577,free driving
3578,free driving
3579,free driving
3580,free driving
3581,free driving
3582,free driving
3583,free driving
3584,free driving
3585,free driving
3586,free driving
3587,free driving
3588,free driving
3589,free driving
3590,free driving
3591,free driving
3592,free driving
3593,free driving
3594,else
3595,free driving
3596,free driving
3597,free driving
3598,free driving
3599,free driving
3600,free driving
3601,free driving
3602,free driving
3603,free driving
3604,free driving
3605,free driving
3606,free driving
3607,free driving
3608,free driving
3609,free driving
3610,free driving
3611,free driving
3612,free driving
3613,free driving
3614,free driving
3615,free driving
3616,free driving
3617,free driving
3618,free driving
3619,free driving
3620,free driving
3621,free driving
3622,free driving
3623,free driving
3624,free driving
3625,free driving
3626,free driving
3627,free driving
3628,free driving
3629,free driving
3630,free driving
3631,free driving
3632,free driving
3633,free driving
3634,free driving
3635,free driving
3636,free driving
3637,free driving
3638,free driving
3639,free driving
3640,free driving
3641,free driving
3642,free driving
3643,free driving
3644,free driving
3645,free driving
3646,else
3647,following
3648,free driving
3649,free driving
3650,free driving
3651,free driving
3652,free driving
3653,free driving
3654,free driving
3655,free driving
3656,free driving
3657,free driving
3658,free driving
3659,free driving
3660,free driving
3661,free driving
3662,free driving
3663,free driving
3664,free driving
3665,free driving
3666,free driving
3667,free driving
3668,free driving
3669,free driving
3670,free driving
3671,free driving
3672,free driving
3673,free driving
3674,free driving
3675,free driving
3676,free driving
3677,free driving
3678,free driving
3679,free driving
3680,free driving
3681,free driving
3682,free driving
3683,free driving
3684,free driving
3685,free driving
3686,free driving
3687,free driving
3688,free driving
3689,free driving
3690,free driving
3691,free driving
3692,free driving
3693,free driving
3694,free driving
3695,free driving
3696,free driving
3697,free driving
3698,free driving
3699,else
3700,following
3701,free driving
3702,free driving
3703,free driving
3704,free driving
3705,free driving
3706,free driving
3707,free driving
3708,free driving
3709,free driving
3710,free driving
3711,free driving
3712,free driving
3713,free driving
3714,free driving
3715,free driving
3716,free driving
3717,free driving
3718,free driving
3719,free driving
3720,free driving
3721,free driving
3722,free driving
3723,free driving
3724,free driving
3725,free driving
3726,free driving
3727,free driving
3728,free driving
3729,free driving
3730,free driving
3731,free driving
3732,free driving
3733,free driving
3734,free driving
3735,free driving
3736,free driving
3737,free driving
3738,free driving
3739,free driving
3740,free driving
3741,free driving
3742,free driving
3743,free driving
3744,free driving
3745,free driving
3746,free driving
3747,free driving
3748,free driving
3749,free driving
3750,free driving
3751,free driving
3752,free driving
3753,free driving
3754,free driving
3755,free driving
3756,free driving
3757,free driving
3758,free driving
3759,else
3760,following
3761,else
3762,else
3763,following
3764,following
3765,following
3766,cut in
3767,cut in
3768,cut in
3769,cut in
3770,cut in
3771,free driving
3772,free driving
3773,free driving
3774,free driving
3775,free driving
3776,free driving
3777,free driving
3778,free driving
3779,free driving
3780,free driving
3781,free driving
3782,free driving
3783,free driving
3784,free driving
3785,free driving
3786,free driving
3787,free driving
3788,free driving
3789,free driving
3790,free driving
3791,free driving
3792,free driving
3793,free driving
3794,free driving
3795,free driving
3796,free driving
3797,free driving
3798,else
3799,else
3800,free driving
3801,free driving
3802,free driving
3803,free driving
3804,free driving
3805,free driving
3806,free driving
3807,free driving
3808,free driving
3809,free driving
3810,free driving
3811,free driving
3812,free driving
3813,free driving
3814,free driving
3815,free driving
3816,free driving
3817,free driving
3818,free driving
3819,free driving
3820,free driving
3821,free driving
3822,free driving
3823,free driving
3824,free driving
3825,free driving
3826,free driving
3827,free driving
3828,free driving
3829,free driving
3830,free driving
3831,free driving
3832,free driving
3833,free driving
3834,free driving
3835,free driving
3836,free driving
3837,free driving
3838,free driving
3839,free driving
3840,free driving
3841,free driving
3842,free driving
3843,free driving
3844,free driving
3845,free driving
3846,free driving
3847,free driving
3848,free driving
3849,free driving
3850,free driving
3851,free driving
3852,free driving
3853,free driving
3854,free driving
3855,else
3856,else
3857,free driving
3858,free driving
3859,free driving
3860,free driving
3861,free driving
3862,free driving
3863,free driving
3864,cut in
3865,cut in
3866,cut in
3867,cut in
3868,cut in
3869,free driving
3870,free driving
3871,free driving
3872,free driving
3873,free driving
3874,free driving
3875,free driving
3876,cut in
3877,cut in
3878,cut in
3879,cut in
3880,cut in
3881,free driving
3882,free driving
3883,free driving
3884,free driving
3885,free driving
3886,free driving
3887,free driving
3888,free driving
3889,free driving
3890,free driving
3891,free driving
3892,free driving
3893,free driving
3894,free driving
3895,free driving
3896,free driving
3897,free driving
3898,free driving
3899,free driving
3900,else
3901,free driving
3902,free driving
3903,free driving
3904,free driving
3905,free driving
3906,free driving
3907,free driving
3908,free driving
3909,free driving
3910,free driving
3911,free driving
3912,free driving
3913,free driving
3914,free driving
3915,free driving
3916,free driving
3917,free driving
3918,free driving
3919,free driving
3920,free driving
3921,free driving
3922,free driving
3923,else
3924,following
3925,following
3926,following
3927,free driving
3928,cut in
3929,cut in
3930,cut in
3931,cut in
3932,cut in
3933,free driving
3934,free driving
3935,free driving
3936,free driving
3937,free driving
3938,free driving
3939,free driving
3940,free driving
3941,free driving
3942,free driving
3943,free driving
3944,free driving
3945,free driving
3946,free driving
3947,free driving
3948,free driving
3949,free driving
3950,free driving
3951,free driving
3952,free driving
3953,free driving
3954,free driving
3955,free driving
3956,free driving
3957,free driving
3958,free driving
3959,free driving
3960,free driving
3961,free driving
3962,free driving
3963,free driving
3964,free driving
3965,free driving
3966,free driving
3967,free driving
3968,free driving
3969,free driving
3970,free driving
3971,free driving
3972,else
3973,free driving
3974,free driving
3975,free driving
3976,free driving
3977,free driving
3978,free driving
3979,free driving
3980,free driving
3981,free driving
3982,free driving
3983,free driving
3984,free driving
3985,free driving
3986,free driving
3987,free driving
3988,free driving
3989,free driving
3990,free driving
3991,free driving
3992,free driving
3993,free driving
3994,free driving
3995,free driving
3996,free driving
3997,free driving
3998,free driving
3999,free driving
4000,free driving
4001,free driving
4002,free driving
4003,free driving
4004,free driving
4005,free driving
4006,free driving
4007,free driving
4008,free driving
4009,free driving
4010,free driving
4011,free driving
4012,free driving
4013,free driving
4014,free driving
4015,free driving
4016,free driving
4017,free driving
4018,free driving
4019,free driving
4020,free driving
4021,free driving
4022,free driving
4023,free driving
4024,free driving
4025,free driving
4026,else
4027,else
4028,free driving
4029,free driving
4030,free driving
4031,free driving
4032,free driving
4033,free driving
4034,free driving
4035,free driving
4036,free driving
4037,free driving
4038,free driving
4039,cut in
4040,cut in
4041,cut in
4042,cut in
4043,cut in
4044,free driving
4045,free driving
4046,free driving
4047,free driving
4048,free driving
4049,free driving
4050,free driving
4051,free driving
4052,free driving
4053,free driving
4054,free driving
4055,free driving
4056,free driving
4057,free driving
4058,free driving
4059,free driving
4060,free driving
4061,free driving
4062,free driving
4063,free driving
4064,free driving
4065,free driving
4066,else
4067,free driving
4068,free driving
4069,free driving
4070,free driving
4071,free driving
4072,free driving
4073,free driving
4074,free driving
4075,free driving
4076,free driving
4077,free driving
4078,free driving
4079,free driving
4080,free driving
4081,free driving
4082,free driving
4083,free driving
4084,free driving
4085,free driving
4086,free driving
4087,free driving
4088,free driving
4089,free driving
4090,free driving
4091,free driving
4092,free driving
4093,free driving
4094,free driving
4095,free driving
4096,free driving
4097,free driving
4098,free driving
4099,free driving
4100,free driving
4101,free driving
4102,free driving
4103,free driving
4104,free driving
4105,free driving
4106,free driving
4107,free driving
4108,free driving
4109,free driving
4110,cut in
4111,cut in
4112,cut in
4113,cut in
4114,cut in
4115,free driving
4116,free driving
4117,free driving
4118,free driving
4119,free driving
4120,free driving
4121,else
4122,free driving
4123,free driving
4124,free driving
4125,free driving
4126,free driving
4127,free driving
4128,free driving
4129,free driving
4130,free driving
4131,free driving
4132,free driving
4133,free driving
4134,free driving
4135,free driving
4136,free driving
4137,free driving
4138,free driving
4139,free driving
4140,free driving
4141,free driving
4142,free driving
4143,free driving
4144,free driving
4145,free driving
4146,free driving
4147,free driving
4148,free driving
4149,free driving
4150,free driving
4151,free driving
4152,free driving
4153,free driving
4154,free driving
4155,free driving
4156,free driving
4157,free driving
4158,free driving
4159,free driving
4160,free driving
4161,free driving
4162,free driving
4163,free driving
4164,free driving
4165,free driving
4166,free driving
4167,free driving
4168,free driving
4169,free driving
4170,free driving
4171,free driving
4172,else
4173,else
4174,free driving
4175,free driving
4176,free driving
4177,free driving
4178,free driving
4179,free driving
4180,free driving
4181,free driving
4182,free driving
4183,free driving
4184,free driving
4185,free driving
4186,free driving
4187,free driving
4188,free driving
4189,free driving
4190,free driving
4191,free driving
4192,free driving
4193,free driving
4194,free driving
4195,free driving
4196,free driving
4197,free driving
4198,free driving
4199,free driving
4200,free driving
4201,free driving
4202,free driving
4203,free driving
4204,free driving
4205,free driving
4206,free driving
4207,cut in
4208,cut in
4209,cut in
4210,cut in
4211,cut in
4212,free driving
4213,free driving
4214,free driving
4215,free driving
4216,free driving
4217,else
4218,free driving
4219,free driving
4220,free driving
4221,free driving
4222,free driving
4223,free driving
4224,free driving
4225,free driving
4226,free driving
4227,free driving
4228,free driving
4229,free driving
4230,free driving
4231,free driving
4232,free driving
4233,free driving
4234,free driving
4235,free driving
4236,free driving
4237,free driving
4238,free driving
4239,free driving
4240,free driving
4241,free driving
4242,free driving
4243,else
4244,else
4245,free driving
4246,free driving
4247,free driving
4248,free driving
4249,free driving
4250,free driving
4251,free driving
4252,free driving
4253,free driving
4254,free driving
4255,free driving
4256,free driving
4257,free driving
4258,free driving
4259,free driving
4260,cut in
4261,cut in
4262,cut in
4263,cut in
4264,cut in
4265,free driving
4266,free driving
4267,free driving
4268,cut in
4269,cut in
4270,cut in
4271,cut in
4272,cut in
4273,free driving
4274,free driving
4275,free driving
4276,free driving
4277,free driving
4278,free driving
4279,free driving
4280,free driving
4281,free driving
4282,free driving
4283,free driving
4284,else
4285,free driving
4286,free driving
4287,free driving
4288,free driving
4289,free driving
4290,free driving
4291,free driving
4292,free driving
4293,free driving
4294,free driving
4295,free driving
4296,free driving
4297,free driving
4298,free driving
4299,free driving
4300,free driving
4301,free driving
4302,free driving
4303,free driving
4304,free driving
4305,free driving
4306,free driving
4307,free driving
4308,free driving
4309,free driving
4310,free driving
4311,free driving
4312,free driving
4313,free driving
4314,free driving
4315,free driving
4316,free driving
4317,free driving
4318,free driving
4319,free driving
4320,free driving
4321,free driving
4322,free driving
4323,free driving
4324,free driving
4325,free driving
4326,free driving
4327,free driving
4328,free driving
4329,free driving
4330,else
4331,else
4332,following
4333,else
4334,following
4335,following
4336,cut in
4337,cut in
4338,cut in
4339,cut in
4340,cut in
4341,free driving
4342,free driving
4343,free driving
4344,free driving
4345,free driving
4346,free driving
4347,free driving
4348,free driving
4349,free driving
4350,free driving
4351,free driving
4352,free driving
4353,free driving
4354,free driving
4355,free driving
4356,free driving
4357,free driving
4358,free driving
4359,free driving
4360,free driving
4361,free driving
4362,free driving
4363,free driving
4364,free driving
4365,free driving
4366,free driving
4367,free driving
4368,else
4369,else
4370,following
4371,free driving
4372,free driving
4373,free driving
4374,free driving
4375,free driving
4376,free driving
4377,free driving
4378,free driving
4379,free driving
4380,free driving
4381,free driving
4382,free driving
4383,free driving
4384,free driving
4385,free driving
4386,free driving
4387,free driving
4388,free driving
4389,free driving
4390,free driving
4391,free driving
4392,free driving
4393,free driving
4394,free driving
4395,free driving
4396,free driving
4397,free driving
4398,free driving
4399,free driving
4400,free driving
4401,free driving
4402,free driving
4403,free driving
4404,free driving
4405,free driving
4406,free driving
4407,free driving
4408,free driving
4409,free driving
4410,free driving
4411,free driving
4412,free driving
4413,free driving
4414,free driving
4415,free driving
4416,free driving
4417,free driving
4418,free driving
4419,free driving
4420,free driving
4421,else
4422,following
4423,free driving
4424,free driving
4425,free driving
4426,free driving
4427,free driving
4428,free driving
4429,free driving
4430,free driving
4431,free driving
4432,free driving
4433,free driving
4434,free driving
4435,free driving
4436,free driving
4437,free driving
4438,free driving
4439,free driving
4440,free driving
4441,free driving
4442,free driving
4443,free driving
4444,free driving
4445,free driving
4446,free driving
4447,free driving
4448,free driving
4449,free driving
4450,free driving
4451,free driving
4452,free driving
4453,free driving
4454,free driving
4455,free driving
4456,free driving
4457,free driving
4458,free driving
4459,free driving
4460,free driving
4461,free driving
4462,free driving
4463,free driving
4464,free driving
4465,free driving
4466,free driving
4467,free driving
4468,free driving
4469,free driving
4470,free driving
4471,free driving
4472,free driving
4473,free driving
4474,free driving
4475,free driving
4476,free driving
4477,free driving
4478,free driving
4479,else
4480,free driving
4481,free driving
4482,cut in
4483,cut in
4484,cut in
4485,cut in
4486,cut in
4487,free driving
4488,free driving
4489,free driving
4490,free driving
4491,free driving
4492,free driving
4493,free driving
4494,free driving
4495,free driving
4496,free driving
4497,free driving
4498,free driving
4499,free driving
4500,free driving
4501,free driving
4502,free driving
4503,free driving
4504,free driving
4505,free driving
4506,free driving
4507,free driving
4508,free driving
4509,free driving
4510,free driving
4511,free driving
4512,free driving
4513,free driving
4514,free driving
4515,free driving
4516,free driving
4517,free driving
4518,free driving
4519,free driving
4520,free driving
4521,free driving
4522,free driving
4523,free driving
4524,free driving
4525,free driving
4526,free driving
4527,free driving
4528,free driving
4529,free driving
4530,free driving
4531,free driving
4532,else
4533,else
4534,free driving
4535,free driving
4536,free driving
4537,free driving
4538,free driving
4539,free driving
4540,free driving
4541,free driving
4542,free driving
4543,free driving
4544,free driving
4545,free driving
4546,free driving
4547,free driving
4548,free driving
4549,free driving
4550,free driving
4551,free driving
4552,free driving
4553,free driving
4554,free driving
4555,free driving
4556,free driving
4557,free driving
4558,free driving
4559,else
4560,following
4561,free driving
4562,free driving
4563,free driving
4564,free driving
4565,free driving
4566,free driving
4567,free driving
4568,free driving
4569,free driving
4570,free driving
4571,free driving
4572,free driving
4573,free driving
4574,free driving
4575,free driving
4576,free driving
4577,free driving
4578,free driving
4579,free driving
4580,free driving
4581,free driving
4582,free driving
4583,free driving
4584,free driving
4585,free driving
4586,free driving
4587,free driving
4588,free driving
4589,free driving
4590,free driving
4591,free driving
4592,free driving
4593,free driving
4594,free driving
4595,free driving
4596,free driving
4597,free driving
4598,free driving
4599,free driving
4600,free driving
4601,free driving
4602,free driving
4603,free driving
4604,free driving
4605,free driving
4606,free driving
4607,free driving
4608,free driving
4609,free driving
4610,free driving
4611,free driving
4612,free driving
4613,free driving
4614,free driving
4615,free driving
4616,free driving
4617,else
4618,following
4619,free driving
4620,cut in
4621,cut in
4622,cut in
4623,cut in
4624,cut in
4625,cut in
4626,cut in
4627,free driving
4628,free driving
4629,free driving
4630,free driving
4631,free driving
4632,free driving
4633,free driving
4634,free driving
4635,free driving
4636,free driving
4637,free driving
4638,free driving
4639,free driving
4640,free driving
4641,free driving
4642,free driving
4643,free driving
4644,free driving
4645,free driving
4646,free driving
4647,free driving
4648,free driving
4649,free driving
4650,free driving
4651,free driving
4652,free driving
4653,free driving
4654,free driving
4655,free driving
4656,free driving
4657,free driving
4658,free driving
4659,free driving
4660,free driving
4661,free driving
4662,free driving
4663,free driving
4664,free driving
4665,free driving
4666,free driving
4667,else
4668,free driving
4669,free driving
4670,free driving
4671,free driving
4672,free driving
4673,cut in
4674,cut in
4675,cut in
4676,cut in
4677,free driving
4678,free driving
4679,free driving
4680,free driving
4681,free driving
4682,free driving
4683,free driving
4684,free driving
4685,free driving
4686,free driving
4687,free driving
4688,free driving
4689,free driving
4690,free driving
4691,free driving
4692,free driving
4693,free driving
4694,free driving
4695,free driving
4696,free driving
4697,free driving
4698,free driving
4699,free driving
4700,free driving
4701,free driving
4702,free driving
4703,free driving
4704,free driving
4705,free driving
4706,free driving
4707,free driving
4708,free driving
4709,free driving
4710,free driving
4711,free driving
4712,free driving
4713,free driving
4714,free driving
4715,free driving
4716,free driving
4717,else
4718,free driving
4719,free driving
4720,free driving
4721,free driving
4722,free driving
4723,free driving
4724,free driving
4725,free driving
4726,free driving
4727,free driving
4728,free driving
4729,free driving
4730,free driving
4731,free driving
4732,free driving
4733,free driving
4734,free driving
4735,free driving
4736,free driving
4737,free driving
4738,free driving
4739,free driving
4740,free driving
4741,free driving
4742,free driving
4743,free driving
4744,free driving
4745,free driving
4746,free driving
4747,free driving
4748,free driving
4749,free driving
4750,free driving
4751,free driving
4752,free driving
4753,free driving
4754,free driving
4755,free driving
4756,free driving
4757,free driving
4758,free driving
4759,free driving
4760,free driving
4761,free driving
4762,free driving
4763,free driving
4764,free driving
4765,free driving
4766,free driving
4767,else
4768,else
4769,following
4770,following
4771,following
4772,following
4773,free driving
4774,free driving
4775,free driving
4776,cut in
4777,cut in
4778,cut in
4779,cut in
4780,cut in
4781,free driving
4782,free driving
4783,free driving
4784,free driving
4785,free driving
4786,free driving
4787,free driving
4788,free driving
4789,free driving
4790,free driving
4791,free driving
4792,free driving
4793,free driving
4794,free driving
4795,free driving
4796,free driving
4797,free driving
4798,free driving
4799,free driving
4800,free driving
4801,free driving
4802,free driving
4803,free driving
4804,free driving
4805,free driving
4806,free driving
4807,free driving
4808,free driving
4809,else
4810,else
4811,free driving
4812,free driving
4813,free driving
4814,free driving
4815,free driving
4816,free driving
4817,free driving
4818,free driving
4819,free driving
4820,free driving
4821,free driving
4822,free driving
4823,free driving
4824,free driving
4825,free driving
4826,free driving
4827,free driving
4828,free driving
4829,free driving
4830,free driving
4831,free driving
4832,free driving
4833,free driving
4834,free driving
4835,free driving
4836,free driving
4837,free driving
4838,free driving
4839,free driving
4840,free driving
4841,free driving
4842,free driving
4843,free driving
4844,free driving
4845,free driving
4846,free driving
4847,free driving
4848,free driving
4849,free driving
4850,free driving
4851,free driving
4852,free driving
4853,free driving
4854,free driving
4855,free driving
4856,free driving
4857,else
4858,free driving
4859,free driving
4860,free driving
4861,free driving
4862,free driving
4863,free driving
4864,free driving
4865,free driving
4866,free driving
4867,free driving
4868,free driving
4869,free driving
4870,free driving
4871,free driving
4872,free driving
4873,free driving
4874,free driving
4875,free driving
4876,free driving
4877,free driving
4878,free driving
4879,free driving
4880,free driving
4881,free driving
4882,free driving
4883,free driving
4884,free driving
4885,free driving
4886,free driving
4887,free driving
4888,free driving
4889,free driving
4890,free driving
4891,free driving
4892,free driving
4893,free driving
4894,free driving
4895,free driving
4896,free driving
4897,free driving
4898,free driving
4899,free driving
4900,free driving
4901,free driving
4902,free driving
4903,free driving
4904,free driving
4905,free driving
4906,free driving
4907,free driving
4908,free driving
4909,free driving
4910,free driving
4911,free driving
4912,free driving
4913,free driving
4914,free driving
4915,free driving
4916,free driving
4917,free driving
4918,free driving
4919,free driving
4920,free driving
4921,free driving
4922,free driving
4923,free driving
4924,free driving
4925,free driving
4926,free driving
4927,free driving
4928,free driving
4929,free driving
4930,free driving
4931,free driving
4932,free driving
4933,free driving
4934,free driving
4935,free driving
4936,free driving
4937,free driving
4938,else
4939,else
4940,following
4941,free driving
4942,free driving
4943,else
4944,else
4945,following
4946,cut in
4947,cut in
4948,cut in
4949,cut in
4950,cut in
4951,free driving
4952,free driving
4953,free driving
4954,free driving
4955,free driving
4956,cut in
4957,cut in
4958,cut in
4959,cut in
4960,cut in
4961,free driving
4962,free driving
4963,free driving
4964,free driving
4965,free driving
4966,cut in
4967,cut in
4968,cut in
4969,cut in
4970,cut in
4971,free driving
4972,free driving
4973,free driving
4974,free driving
4975,free driving
4976,free driving
4977,free driving
4978,free driving
4979,free driving
4980,free driving
4981,free driving
4982,free driving
4983,else
4984,free driving
4985,free driving
4986,free driving
4987,free driving
4988,free driving
4989,free driving
4990,free driving
4991,free driving
4992,free driving
4993,free driving
4994,free driving
4995,free driving
4996,free driving
4997,free driving
4998,free driving
4999,free driving
5000,free driving
5001,free driving
5002,free driving
5003,free driving
5004,free driving
5005,free driving
5006,free driving
5007,cut in
5008,cut in
5009,cut in
5010,cut in
5011,free driving
5012,free driving
5013,free driving
5014,free driving
5015,free driving
5016,free driving
5017,free driving
5018,free driving
5019,free driving
5020,free driving
5021,free driving
5022,free driving
5023,free driving
5024,free driving
5025,free driving
5026,free driving
5027,free driving
5028,free driving
5029,free driving
5030,free driving
5031,free driving
5032,free driving
5033,free driving
5034,free driving
5035,else
5036,else
