"1653035000.793256";"0783";"Tx";"['06', '27', '02', '00', '00', '00', '00', '00']";"0"
"1653035000.793327";"0783";"Tx";"['06', '27', '02', '00', '00', '00', '00', '00']";"0"
"1653035000.808386";"0783";"Tx";"['06', '27', '02', '00', '00', '00', '00', '00']";"0"
"1653035000.823742";"0783";"Tx";"['06', '27', '02', '00', '00', '00', '00', '00']";"0"
"1653035000.823782";"0783";"Tx";"['06', '27', '02', '00', '00', '00', '00', '00']";"0"
"1653035000.839194";"0783";"Tx";"['06', '27', '02', '00', '00', '00', '00', '00']";"0"
"1653035000.839228";"0783";"Tx";"['06', '27', '02', '00', '00', '00', '00', '00']";"0"
"1653035000.854609";"0783";"Tx";"['06', '27', '02', '00', '00', '00', '00', '00']";"0"
"1653035000.869952";"0783";"Tx";"['06', '27', '02', '00', '00', '00', '00', '00']";"0"
"1653035000.869985";"0783";"Tx";"['06', '27', '02', '00', '00', '00', '00', '00']";"0"
"1653035000.885556";"0783";"Tx";"['06', '27', '02', '00', '00', '00', '00', '00']";"0"
"1653035000.900893";"0783";"Tx";"['06', '27', '02', '00', '00', '00', '00', '00']";"0"
"1653035000.900930";"0783";"Tx";"['06', '27', '02', '00', '00', '00', '00', '00']";"0"
"1653035000.916291";"0783";"Tx";"['06', '27', '02', '00', '00', '00', '00', '00']";"0"
"1653035000.931736";"0783";"Tx";"['06', '27', '02', '00', '00', '00', '00', '00']";"0"
"1653035000.931826";"0783";"Tx";"['06', '27', '02', '00', '00', '00', '00', '00']";"0"
"1653035000.947124";"0783";"Tx";"['06', '27', '02', '00', '00', '00', '00', '00']";"0"
"1653035000.962551";"0783";"Tx";"['06', '27', '02', '00', '00', '00', '00', '00']";"0"
"1653035000.962637";"0783";"Tx";"['06', '27', '02', '00', '00', '00', '00', '00']";"0"
"1653035000.977828";"0783";"Tx";"['06', '27', '02', '00', '00', '00', '00', '00']";"0"
"1653035000.993387";"0783";"Tx";"['06', '27', '02', '00', '00', '00', '00', '00']";"0"
"1653035000.993457";"0783";"Tx";"['06', '27', '02', '00', '00', '00', '00', '00']";"0"
"1653035001.008663";"0783";"Tx";"['06', '27', '02', '00', '00', '00', '00', '00']";"0"
"1653035001.024102";"0783";"Tx";"['06', '27', '02', '00', '00', '00', '00', '00']";"0"
"1653035001.024188";"0783";"Tx";"['06', '27', '02', '00', '00', '00', '00', '00']";"0"
"1653035001.039986";"0783";"Tx";"['06', '27', '02', '00', '00', '00', '00', '00']";"0"
"1653035001.040064";"0783";"Tx";"['06', '27', '02', '00', '00', '00', '00', '00']";"0"
"1653035001.054868";"0783";"Tx";"['06', '27', '02', '00', '00', '00', '00', '00']";"0"
"1653035001.070302";"0783";"Tx";"['06', '27', '02', '00', '00', '00', '00', '00']";"0"
"1653035001.070375";"0783";"Tx";"['06', '27', '02', '00', '00', '00', '00', '00']";"0"
"1653035001.085853";"0783";"Tx";"['06', '27', '02', '00', '00', '00', '00', '00']";"0"
"1653035001.101058";"0783";"Tx";"['06', '27', '02', '00', '00', '00', '00', '00']";"0"
"1653035001.101133";"0783";"Tx";"['06', '27', '02', '00', '00', '00', '00', '00']";"0"
"1653035001.116579";"0783";"Tx";"['06', '27', '02', '00', '00', '00', '00', '00']";"0"
"1653035001.131866";"0783";"Tx";"['06', '27', '02', '00', '00', '00', '00', '00']";"0"
"1653035001.131944";"0783";"Tx";"['06', '27', '02', '00', '00', '00', '00', '00']";"0"
"1653035001.147413";"0783";"Tx";"['06', '27', '02', '00', '00', '00', '00', '00']";"0"
"1653035001.162705";"0783";"Tx";"['06', '27', '02', '00', '00', '00', '00', '00']";"0"
"1653035001.162780";"0783";"Tx";"['06', '27', '02', '00', '00', '00', '00', '00']";"0"
"1653035001.178128";"0783";"Tx";"['06', '27', '02', '00', '00', '00', '00', '00']";"0"
"1653035001.193537";"0783";"Tx";"['06', '27', '02', '00', '00', '00', '00', '00']";"0"
"1653035001.193611";"0783";"Tx";"['06', '27', '02', '00', '00', '00', '00', '00']";"0"
"1653035001.208988";"0783";"Tx";"['06', '27', '02', '00', '00', '00', '00', '00']";"0"
"1653035001.209067";"0783";"Tx";"['06', '27', '02', '00', '00', '00', '00', '00']";"0"
"1653035001.224223";"0783";"Tx";"['06', '27', '02', '00', '00', '00', '00', '00']";"0"
"1653035001.239665";"0783";"Tx";"['06', '27', '02', '00', '00', '00', '00', '00']";"0"
"1653035001.239737";"0783";"Tx";"['06', '27', '02', '00', '00', '00', '00', '00']";"0"
"1653035001.255021";"0783";"Tx";"['06', '27', '02', '00', '00', '00', '00', '00']";"0"
"1653035001.270383";"0783";"Tx";"['06', '27', '02', '00', '00', '00', '00', '00']";"0"
"1653035001.270449";"0783";"Tx";"['06', '27', '02', '00', '00', '00', '00', '00']";"0"
"1653035001.285852";"0783";"Tx";"['06', '27', '02', '00', '00', '00', '00', '00']";"0"
"1653035001.301217";"0783";"Tx";"['06', '27', '02', '00', '00', '00', '00', '00']";"0"
"1653035001.301286";"0783";"Tx";"['06', '27', '02', '00', '00', '00', '00', '00']";"0"
"1653035001.316575";"0783";"Tx";"['06', '27', '02', '00', '00', '00', '00', '00']";"0"
"1653035001.331973";"0783";"Tx";"['06', '27', '02', '00', '00', '00', '00', '00']";"0"
"1653035001.332016";"0783";"Tx";"['06', '27', '02', '00', '00', '00', '00', '00']";"0"
"1653035001.347360";"0783";"Tx";"['06', '27', '02', '00', '00', '00', '00', '00']";"0"
"1653035001.362876";"0783";"Tx";"['06', '27', '02', '00', '00', '00', '00', '00']";"0"
"1653035001.362938";"0783";"Tx";"['06', '27', '02', '00', '00', '00', '00', '00']";"0"
"1653035001.378234";"0783";"Tx";"['06', '27', '02', '00', '00', '00', '00', '00']";"0"
"1653035001.393666";"0783";"Tx";"['06', '27', '02', '00', '00', '00', '00', '00']";"0"
"1653035001.393747";"0783";"Tx";"['06', '27', '02', '00', '00', '00', '00', '00']";"0"
"1653035001.409014";"0783";"Tx";"['06', '27', '02', '00', '00', '00', '00', '00']";"0"
"1653035001.424423";"0783";"Tx";"['06', '27', '02', '00', '00', '00', '00', '00']";"0"
"1653035001.424475";"0783";"Tx";"['06', '27', '02', '00', '00', '00', '00', '00']";"0"
"1653035001.439771";"0783";"Tx";"['06', '27', '02', '00', '00', '00', '00', '00']";"0"
"1653035001.439850";"0783";"Tx";"['06', '27', '02', '00', '00', '00', '00', '00']";"0"
"1653035001.455174";"0783";"Tx";"['06', '27', '02', '00', '00', '00', '00', '00']";"0"
"1653035001.470565";"0783";"Tx";"['06', '27', '02', '00', '00', '00', '00', '00']";"0"
"1653035001.470633";"0783";"Tx";"['06', '27', '02', '00', '00', '00', '00', '00']";"0"
"1653035001.485968";"0783";"Tx";"['06', '27', '02', '00', '00', '00', '00', '00']";"0"
"1653035001.501363";"0783";"Tx";"['06', '27', '02', '00', '00', '00', '00', '00']";"0"
"1653035001.501457";"0783";"Tx";"['06', '27', '02', '00', '00', '00', '00', '00']";"0"
"1653035001.516832";"0783";"Tx";"['06', '27', '02', '00', '00', '00', '00', '00']";"0"
"1653035001.532165";"0783";"Tx";"['06', '27', '02', '00', '00', '00', '00', '00']";"0"
"1653035001.532233";"0783";"Tx";"['06', '27', '02', '00', '00', '00', '00', '00']";"0"
"1653035001.547608";"0783";"Tx";"['06', '27', '02', '00', '00', '00', '00', '00']";"0"
"1653035001.562989";"0783";"Tx";"['06', '27', '02', '00', '00', '00', '00', '00']";"0"
"1653035001.563064";"0783";"Tx";"['06', '27', '02', '00', '00', '00', '00', '00']";"0"
"1653035001.578594";"0783";"Tx";"['06', '27', '02', '00', '00', '00', '00', '00']";"0"
"1653035001.593787";"0783";"Tx";"['06', '27', '02', '00', '00', '00', '00', '00']";"0"
"1653035001.593876";"0783";"Tx";"['06', '27', '02', '00', '00', '00', '00', '00']";"0"
"1653035001.609111";"0783";"Tx";"['06', '27', '02', '00', '00', '00', '00', '00']";"0"
"1653035001.609160";"0783";"Tx";"['06', '27', '02', '00', '00', '00', '00', '00']";"0"
"1653035001.624524";"0783";"Tx";"['06', '27', '02', '00', '00', '00', '00', '00']";"0"
"1653035001.640026";"0783";"Tx";"['06', '27', '02', '00', '00', '00', '00', '00']";"0"
"1653035001.640100";"0783";"Tx";"['06', '27', '02', '00', '00', '00', '00', '00']";"0"
"1653035001.655309";"0783";"Tx";"['06', '27', '02', '00', '00', '00', '00', '00']";"0"
"1653035001.670757";"0783";"Tx";"['06', '27', '02', '00', '00', '00', '00', '00']";"0"
"1653035001.670834";"0783";"Tx";"['06', '27', '02', '00', '00', '00', '00', '00']";"0"
"1653035001.686141";"0783";"Tx";"['06', '27', '02', '00', '00', '00', '00', '00']";"0"
"1653035001.701500";"0783";"Tx";"['06', '27', '02', '00', '00', '00', '00', '00']";"0"
"1653035001.701574";"0783";"Tx";"['06', '27', '02', '00', '00', '00', '00', '00']";"0"
"1653035001.716916";"0783";"Tx";"['06', '27', '02', '00', '00', '00', '00', '00']";"0"
"1653035001.732354";"0783";"Tx";"['06', '27', '02', '00', '00', '00', '00', '00']";"0"
"1653035001.732438";"0783";"Tx";"['06', '27', '02', '00', '00', '00', '00', '00']";"0"
"1653035001.747795";"0783";"Tx";"['06', '27', '02', '00', '00', '00', '00', '00']";"0"
"1653035001.763111";"0783";"Tx";"['06', '27', '02', '00', '00', '00', '00', '00']";"0"
"1653035001.763177";"0783";"Tx";"['06', '27', '02', '00', '00', '00', '00', '00']";"0"
"1653035001.778434";"0783";"Tx";"['06', '27', '02', '00', '00', '00', '00', '00']";"0"
"1653035001.793860";"0783";"Tx";"['06', '27', '02', '00', '00', '00', '00', '00']";"0"
"1653035001.793936";"0783";"Tx";"['06', '27', '02', '00', '00', '00', '00', '00']";"0"
"1653035001.809382";"0783";"Tx";"['06', '27', '02', '00', '00', '00', '00', '00']";"0"
"1653035001.809453";"0783";"Tx";"['06', '27', '02', '00', '00', '00', '00', '00']";"0"
"1653035001.824692";"0783";"Tx";"['06', '27', '02', '00', '00', '00', '00', '00']";"0"
"1653035001.840088";"0783";"Tx";"['06', '27', '02', '00', '00', '00', '00', '00']";"0"
"1653035001.840164";"0783";"Tx";"['06', '27', '02', '00', '00', '00', '00', '00']";"0"
"1653035001.855515";"0783";"Tx";"['06', '27', '02', '00', '00', '00', '00', '00']";"0"
"1653035001.870940";"0783";"Tx";"['06', '27', '02', '00', '00', '00', '00', '00']";"0"
"1653035001.871014";"0783";"Tx";"['06', '27', '02', '00', '00', '00', '00', '00']";"0"
"1653035001.886316";"0783";"Tx";"['06', '27', '02', '00', '00', '00', '00', '00']";"0"
"1653035001.901690";"0783";"Tx";"['06', '27', '02', '00', '00', '00', '00', '00']";"0"
"1653035001.901773";"0783";"Tx";"['06', '27', '02', '00', '00', '00', '00', '00']";"0"
"1653035001.917198";"0783";"Tx";"['06', '27', '02', '00', '00', '00', '00', '00']";"0"
"1653035001.932503";"0783";"Tx";"['06', '27', '02', '00', '00', '00', '00', '00']";"0"
"1653035001.932583";"0783";"Tx";"['06', '27', '02', '00', '00', '00', '00', '00']";"0"
"1653035001.947958";"0783";"Tx";"['06', '27', '02', '00', '00', '00', '00', '00']";"0"
"1653035001.963223";"0783";"Tx";"['06', '27', '02', '00', '00', '00', '00', '00']";"0"
"1653035001.963282";"0783";"Tx";"['06', '27', '02', '00', '00', '00', '00', '00']";"0"
"1653035001.978732";"0783";"Tx";"['06', '27', '02', '00', '00', '00', '00', '00']";"0"
"1653035001.994198";"0783";"Tx";"['06', '27', '02', '00', '00', '00', '00', '00']";"0"
"1653035001.994278";"0783";"Tx";"['06', '27', '02', '00', '00', '00', '00', '00']";"0"
"1653035002.009509";"0783";"Tx";"['06', '27', '02', '00', '00', '00', '00', '00']";"0"
"1653035002.009615";"0783";"Tx";"['02', '3e', '00', '00', '00', '00', '00', '00']";"0"
"1653035002.009636";"0783";"Tx";"['06', '27', '02', '00', '00', '00', '00', '00']";"0"
"1653035002.024784";"0783";"Tx";"['06', '27', '02', '00', '00', '00', '00', '00']";"0"
"1653035002.040220";"0783";"Tx";"['06', '27', '02', '00', '00', '00', '00', '00']";"0"
"1653035002.040285";"0783";"Tx";"['06', '27', '02', '00', '00', '00', '00', '00']";"0"
"1653035002.055728";"0783";"Tx";"['06', '27', '02', '00', '00', '00', '00', '00']";"0"
"1653035002.071042";"0783";"Tx";"['06', '27', '02', '00', '00', '00', '00', '00']";"0"
"1653035002.071128";"0783";"Tx";"['06', '27', '02', '00', '00', '00', '00', '00']";"0"
"1653035002.086434";"0783";"Tx";"['06', '27', '02', '00', '00', '00', '00', '00']";"0"
"1653035002.101833";"0783";"Tx";"['06', '27', '02', '00', '00', '00', '00', '00']";"0"
"1653035002.101908";"0783";"Tx";"['06', '27', '02', '00', '00', '00', '00', '00']";"0"
"1653035002.117346";"0783";"Tx";"['06', '27', '02', '00', '00', '00', '00', '00']";"0"
"1653035002.132652";"0783";"Tx";"['06', '27', '02', '00', '00', '00', '00', '00']";"0"
"1653035002.132702";"0783";"Tx";"['06', '27', '02', '00', '00', '00', '00', '00']";"0"
"1653035002.147992";"0783";"Tx";"['06', '27', '02', '00', '00', '00', '00', '00']";"0"
"1653035002.163439";"0783";"Tx";"['06', '27', '02', '00', '00', '00', '00', '00']";"0"
"1653035002.163510";"0783";"Tx";"['06', '27', '02', '00', '00', '00', '00', '00']";"0"
"1653035002.178926";"0783";"Tx";"['06', '27', '02', '00', '00', '00', '00', '00']";"0"
"1653035002.194321";"0783";"Tx";"['06', '27', '02', '00', '00', '00', '00', '00']";"0"
"1653035002.194400";"0783";"Tx";"['06', '27', '02', '00', '00', '00', '00', '00']";"0"
"1653035002.209610";"0783";"Tx";"['06', '27', '02', '00', '00', '00', '00', '00']";"0"
"1653035002.209696";"0783";"Tx";"['06', '27', '02', '00', '00', '00', '00', '00']";"0"
"1653035002.225041";"0783";"Tx";"['06', '27', '02', '00', '00', '00', '00', '00']";"0"
"1653035002.240442";"0783";"Tx";"['06', '27', '02', '00', '00', '00', '00', '00']";"0"
"1653035002.240517";"0783";"Tx";"['06', '27', '02', '00', '00', '00', '00', '00']";"0"
"1653035002.255812";"0783";"Tx";"['06', '27', '02', '00', '00', '00', '00', '00']";"0"
"1653035002.271150";"0783";"Tx";"['06', '27', '02', '00', '00', '00', '00', '00']";"0"
"1653035002.271204";"0783";"Tx";"['06', '27', '02', '00', '00', '00', '00', '00']";"0"
"1653035002.286704";"0783";"Tx";"['06', '27', '02', '00', '00', '00', '00', '00']";"0"
"1653035002.301976";"0783";"Tx";"['06', '27', '02', '00', '00', '00', '00', '00']";"0"
"1653035002.302050";"0783";"Tx";"['06', '27', '02', '00', '00', '00', '00', '00']";"0"
"1653035002.317339";"0783";"Tx";"['06', '27', '02', '00', '00', '00', '00', '00']";"0"
"1653035002.332728";"0783";"Tx";"['06', '27', '02', '00', '00', '00', '00', '00']";"0"
"1653035002.332768";"0783";"Tx";"['06', '27', '02', '00', '00', '00', '00', '00']";"0"
"1653035002.348293";"0783";"Tx";"['06', '27', '02', '00', '00', '00', '00', '00']";"0"
"1653035002.363639";"0783";"Tx";"['06', '27', '02', '00', '00', '00', '00', '00']";"0"
"1653035002.363705";"0783";"Tx";"['06', '27', '02', '00', '00', '00', '00', '00']";"0"
"1653035002.379046";"0783";"Tx";"['06', '27', '02', '00', '00', '00', '00', '00']";"0"
"1653035002.394436";"0783";"Tx";"['06', '27', '02', '00', '00', '00', '00', '00']";"0"
"1653035002.394526";"0783";"Tx";"['06', '27', '02', '00', '00', '00', '00', '00']";"0"
"1653035002.409764";"0783";"Tx";"['06', '27', '02', '00', '00', '00', '00', '00']";"0"
"1653035002.409835";"0783";"Tx";"['06', '27', '02', '00', '00', '00', '00', '00']";"0"
"1653035002.425145";"0783";"Tx";"['06', '27', '02', '00', '00', '00', '00', '00']";"0"
"1653035002.440609";"0783";"Tx";"['06', '27', '02', '00', '00', '00', '00', '00']";"0"
"1653035002.440693";"0783";"Tx";"['06', '27', '02', '00', '00', '00', '00', '00']";"0"
"1653035002.455874";"0783";"Tx";"['06', '27', '02', '00', '00', '00', '00', '00']";"0"
"1653035002.471359";"0783";"Tx";"['06', '27', '02', '00', '00', '00', '00', '00']";"0"
"1653035002.471427";"0783";"Tx";"['06', '27', '02', '00', '00', '00', '00', '00']";"0"
"1653035002.486760";"0783";"Tx";"['06', '27', '02', '00', '00', '00', '00', '00']";"0"
"1653035002.502248";"0783";"Tx";"['06', '27', '02', '00', '00', '00', '00', '00']";"0"
"1653035002.502315";"0783";"Tx";"['06', '27', '02', '00', '00', '00', '00', '00']";"0"
"1653035002.517587";"0783";"Tx";"['06', '27', '02', '00', '00', '00', '00', '00']";"0"
"1653035002.532933";"0783";"Tx";"['06', '27', '02', '00', '00', '00', '00', '00']";"0"
"1653035002.532978";"0783";"Tx";"['06', '27', '02', '00', '00', '00', '00', '00']";"0"
"1653035002.548318";"0783";"Tx";"['06', '27', '02', '00', '00', '00', '00', '00']";"0"
"1653035002.563720";"0783";"Tx";"['06', '27', '02', '00', '00', '00', '00', '00']";"0"
"1653035002.563773";"0783";"Tx";"['06', '27', '02', '00', '00', '00', '00', '00']";"0"
"1653035002.579107";"0783";"Tx";"['06', '27', '02', '00', '00', '00', '00', '00']";"0"
"1653035002.594625";"0783";"Tx";"['06', '27', '02', '00', '00', '00', '00', '00']";"0"
"1653035002.594700";"0783";"Tx";"['06', '27', '02', '00', '00', '00', '00', '00']";"0"
"1653035002.609843";"0783";"Tx";"['06', '27', '02', '00', '00', '00', '00', '00']";"0"
"1653035002.609886";"0783";"Tx";"['06', '27', '02', '00', '00', '00', '00', '00']";"0"
"1653035002.625296";"0783";"Tx";"['06', '27', '02', '00', '00', '00', '00', '00']";"0"
"1653035002.640640";"0783";"Tx";"['06', '27', '02', '00', '00', '00', '00', '00']";"0"
"1653035002.640713";"0783";"Tx";"['06', '27', '02', '00', '00', '00', '00', '00']";"0"
"1653035002.656307";"0783";"Tx";"['06', '27', '02', '00', '00', '00', '00', '00']";"0"
"1653035002.671514";"0783";"Tx";"['06', '27', '02', '00', '00', '00', '00', '00']";"0"
"1653035002.671598";"0783";"Tx";"['06', '27', '02', '00', '00', '00', '00', '00']";"0"
"1653035002.686921";"0783";"Tx";"['06', '27', '02', '00', '00', '00', '00', '00']";"0"
"1653035002.702310";"0783";"Tx";"['06', '27', '02', '00', '00', '00', '00', '00']";"0"
"1653035002.702395";"0783";"Tx";"['06', '27', '02', '00', '00', '00', '00', '00']";"0"
"1653035002.717781";"0783";"Tx";"['06', '27', '02', '00', '00', '00', '00', '00']";"0"
"1653035002.733138";"0783";"Tx";"['06', '27', '02', '00', '00', '00', '00', '00']";"0"
"1653035002.733215";"0783";"Tx";"['06', '27', '02', '00', '00', '00', '00', '00']";"0"
"1653035002.748528";"0783";"Tx";"['06', '27', '02', '00', '00', '00', '00', '00']";"0"
"1653035002.763887";"0783";"Tx";"['06', '27', '02', '00', '00', '00', '00', '00']";"0"
"1653035002.763964";"0783";"Tx";"['06', '27', '02', '00', '00', '00', '00', '00']";"0"
"1653035002.779352";"0783";"Tx";"['06', '27', '02', '00', '00', '00', '00', '00']";"0"
"1653035002.779426";"0783";"Tx";"['06', '27', '02', '00', '00', '00', '00', '00']";"0"
"1653035002.794768";"0783";"Tx";"['06', '27', '02', '00', '00', '00', '00', '00']";"0"
"1653035002.810200";"0783";"Tx";"['06', '27', '02', '00', '00', '00', '00', '00']";"0"
"1653035002.810278";"0783";"Tx";"['06', '27', '02', '00', '00', '00', '00', '00']";"0"
"1653035002.825577";"0783";"Tx";"['06', '27', '02', '00', '00', '00', '00', '00']";"0"
"1653035002.840913";"0783";"Tx";"['06', '27', '02', '00', '00', '00', '00', '00']";"0"
"1653035002.840994";"0783";"Tx";"['06', '27', '02', '00', '00', '00', '00', '00']";"0"
"1653035002.856260";"0783";"Tx";"['06', '27', '02', '00', '00', '00', '00', '00']";"0"
"1653035002.871718";"0783";"Tx";"['06', '27', '02', '00', '00', '00', '00', '00']";"0"
"1653035002.871795";"0783";"Tx";"['06', '27', '02', '00', '00', '00', '00', '00']";"0"
"1653035002.887062";"0783";"Tx";"['06', '27', '02', '00', '00', '00', '00', '00']";"0"
"1653035002.902438";"0783";"Tx";"['06', '27', '02', '00', '00', '00', '00', '00']";"0"
"1653035002.902497";"0783";"Tx";"['06', '27', '02', '00', '00', '00', '00', '00']";"0"
"1653035002.917885";"0783";"Tx";"['06', '27', '02', '00', '00', '00', '00', '00']";"0"
"1653035002.933254";"0783";"Tx";"['06', '27', '02', '00', '00', '00', '00', '00']";"0"
"1653035002.933326";"0783";"Tx";"['06', '27', '02', '00', '00', '00', '00', '00']";"0"
"1653035002.948772";"0783";"Tx";"['06', '27', '02', '00', '00', '00', '00', '00']";"0"
"1653035002.964052";"0783";"Tx";"['06', '27', '02', '00', '00', '00', '00', '00']";"0"
"1653035002.964116";"0783";"Tx";"['06', '27', '02', '00', '00', '00', '00', '00']";"0"
"1653035002.979444";"0783";"Tx";"['06', '27', '02', '00', '00', '00', '00', '00']";"0"
"1653035002.979502";"0783";"Tx";"['06', '27', '02', '00', '00', '00', '00', '00']";"0"
"1653035002.994924";"0783";"Tx";"['06', '27', '02', '00', '00', '00', '00', '00']";"0"
"1653035003.010176";"0783";"Tx";"['06', '27', '02', '00', '00', '00', '00', '00']";"0"
"1653035003.010224";"0783";"Tx";"['06', '27', '02', '00', '00', '00', '00', '00']";"0"
"1653035003.025618";"0783";"Tx";"['06', '27', '02', '00', '00', '00', '00', '00']";"0"
"1653035003.041102";"0783";"Tx";"['06', '27', '02', '00', '00', '00', '00', '00']";"0"
"1653035003.041181";"0783";"Tx";"['06', '27', '02', '00', '00', '00', '00', '00']";"0"
"1653035003.056418";"0783";"Tx";"['06', '27', '02', '00', '00', '00', '00', '00']";"0"
"1653035003.071858";"0783";"Tx";"['06', '27', '02', '00', '00', '00', '00', '00']";"0"
"1653035003.071933";"0783";"Tx";"['06', '27', '02', '00', '00', '00', '00', '00']";"0"
"1653035003.087222";"0783";"Tx";"['06', '27', '02', '00', '00', '00', '00', '00']";"0"
"1653035003.102582";"0783";"Tx";"['06', '27', '02', '00', '00', '00', '00', '00']";"0"
"1653035003.102658";"0783";"Tx";"['06', '27', '02', '00', '00', '00', '00', '00']";"0"
"1653035003.118026";"0783";"Tx";"['06', '27', '02', '00', '00', '00', '00', '00']";"0"
"1653035003.133412";"0783";"Tx";"['06', '27', '02', '00', '00', '00', '00', '00']";"0"
"1653035003.133498";"0783";"Tx";"['06', '27', '02', '00', '00', '00', '00', '00']";"0"
"1653035003.148895";"0783";"Tx";"['06', '27', '02', '00', '00', '00', '00', '00']";"0"
"1653035003.164259";"0783";"Tx";"['06', '27', '02', '00', '00', '00', '00', '00']";"0"
"1653035003.164343";"0783";"Tx";"['06', '27', '02', '00', '00', '00', '00', '00']";"0"
"1653035003.179569";"0783";"Tx";"['06', '27', '02', '00', '00', '00', '00', '00']";"0"
"1653035003.179642";"0783";"Tx";"['06', '27', '02', '00', '00', '00', '00', '00']";"0"
"1653035003.195083";"0783";"Tx";"['06', '27', '02', '00', '00', '00', '00', '00']";"0"
"1653035003.210419";"0783";"Tx";"['06', '27', '02', '00', '00', '00', '00', '00']";"0"
"1653035003.210506";"0783";"Tx";"['06', '27', '02', '00', '00', '00', '00', '00']";"0"
"1653035003.225724";"0783";"Tx";"['06', '27', '02', '00', '00', '00', '00', '00']";"0"
"1653035003.241175";"0783";"Tx";"['06', '27', '02', '00', '00', '00', '00', '00']";"0"
"1653035003.241247";"0783";"Tx";"['06', '27', '02', '00', '00', '00', '00', '00']";"0"
"1653035003.256598";"0783";"Tx";"['06', '27', '02', '00', '00', '00', '00', '00']";"0"
"1653035003.272022";"0783";"Tx";"['06', '27', '02', '00', '00', '00', '00', '00']";"0"
"1653035003.272102";"0783";"Tx";"['06', '27', '02', '00', '00', '00', '00', '00']";"0"
"1653035003.287415";"0783";"Tx";"['06', '27', '02', '00', '00', '00', '00', '00']";"0"
"1653035003.302773";"0783";"Tx";"['06', '27', '02', '00', '00', '00', '00', '00']";"0"
"1653035003.302845";"0783";"Tx";"['06', '27', '02', '00', '00', '00', '00', '00']";"0"
"1653035003.318151";"0783";"Tx";"['06', '27', '02', '00', '00', '00', '00', '00']";"0"
"1653035003.333568";"0783";"Tx";"['06', '27', '02', '00', '00', '00', '00', '00']";"0"
"1653035003.333628";"0783";"Tx";"['06', '27', '02', '00', '00', '00', '00', '00']";"0"
"1653035003.349054";"0783";"Tx";"['06', '27', '02', '00', '00', '00', '00', '00']";"0"
"1653035003.364415";"0783";"Tx";"['06', '27', '02', '00', '00', '00', '00', '00']";"0"
"1653035003.364499";"0783";"Tx";"['06', '27', '02', '00', '00', '00', '00', '00']";"0"
"1653035003.379730";"0783";"Tx";"['06', '27', '02', '00', '00', '00', '00', '00']";"0"
"1653035003.379813";"0783";"Tx";"['06', '27', '02', '00', '00', '00', '00', '00']";"0"
"1653035003.395086";"0783";"Tx";"['06', '27', '02', '00', '00', '00', '00', '00']";"0"
"1653035003.410638";"0783";"Tx";"['06', '27', '02', '00', '00', '00', '00', '00']";"0"
"1653035003.410718";"0783";"Tx";"['06', '27', '02', '00', '00', '00', '00', '00']";"0"
"1653035003.426090";"0783";"Tx";"['06', '27', '02', '00', '00', '00', '00', '00']";"0"
"1653035003.441358";"0783";"Tx";"['06', '27', '02', '00', '00', '00', '00', '00']";"0"
"1653035003.441428";"0783";"Tx";"['06', '27', '02', '00', '00', '00', '00', '00']";"0"
"1653035003.456672";"0783";"Tx";"['06', '27', '02', '00', '00', '00', '00', '00']";"0"
"1653035003.472131";"0783";"Tx";"['06', '27', '02', '00', '00', '00', '00', '00']";"0"
"1653035003.472199";"0783";"Tx";"['06', '27', '02', '00', '00', '00', '00', '00']";"0"
"1653035003.487537";"0783";"Tx";"['06', '27', '02', '00', '00', '00', '00', '00']";"0"
"1653035003.503015";"0783";"Tx";"['06', '27', '02', '00', '00', '00', '00', '00']";"0"
"1653035003.503103";"0783";"Tx";"['06', '27', '02', '00', '00', '00', '00', '00']";"0"
"1653035003.518336";"0783";"Tx";"['06', '27', '02', '00', '00', '00', '00', '00']";"0"
"1653035003.533778";"0783";"Tx";"['06', '27', '02', '00', '00', '00', '00', '00']";"0"
"1653035003.533854";"0783";"Tx";"['06', '27', '02', '00', '00', '00', '00', '00']";"0"
"1653035003.549182";"0783";"Tx";"['06', '27', '02', '00', '00', '00', '00', '00']";"0"
"1653035003.564633";"0783";"Tx";"['06', '27', '02', '00', '00', '00', '00', '00']";"0"
"1653035003.564702";"0783";"Tx";"['06', '27', '02', '00', '00', '00', '00', '00']";"0"
"1653035003.579935";"0783";"Tx";"['06', '27', '02', '00', '00', '00', '00', '00']";"0"
"1653035003.580017";"0783";"Tx";"['06', '27', '02', '00', '00', '00', '00', '00']";"0"
"1653035003.595404";"0783";"Tx";"['06', '27', '02', '00', '00', '00', '00', '00']";"0"
"1653035003.610700";"0783";"Tx";"['06', '27', '02', '00', '00', '00', '00', '00']";"0"
"1653035003.610756";"0783";"Tx";"['06', '27', '02', '00', '00', '00', '00', '00']";"0"
"1653035003.626138";"0783";"Tx";"['06', '27', '02', '00', '00', '00', '00', '00']";"0"
"1653035003.641683";"0783";"Tx";"['06', '27', '02', '00', '00', '00', '00', '00']";"0"
"1653035003.641765";"0783";"Tx";"['06', '27', '02', '00', '00', '00', '00', '00']";"0"
"1653035003.656791";"0783";"Tx";"['06', '27', '02', '00', '00', '00', '00', '00']";"0"
"1653035003.672246";"0783";"Tx";"['06', '27', '02', '00', '00', '00', '00', '00']";"0"
"1653035003.672328";"0783";"Tx";"['06', '27', '02', '00', '00', '00', '00', '00']";"0"
"1653035003.687553";"0783";"Tx";"['06', '27', '02', '00', '00', '00', '00', '00']";"0"
"1653035003.703307";"0783";"Tx";"['06', '27', '02', '00', '00', '00', '00', '00']";"0"
"1653035003.703394";"0783";"Tx";"['06', '27', '02', '00', '00', '00', '00', '00']";"0"
"1653035003.718573";"0783";"Tx";"['06', '27', '02', '00', '00', '00', '00', '00']";"0"
"1653035003.733872";"0783";"Tx";"['06', '27', '02', '00', '00', '00', '00', '00']";"0"
"1653035003.733947";"0783";"Tx";"['06', '27', '02', '00', '00', '00', '00', '00']";"0"
"1653035003.749182";"0783";"Tx";"['06', '27', '02', '00', '00', '00', '00', '00']";"0"
"1653035003.749257";"0783";"Tx";"['06', '27', '02', '00', '00', '00', '00', '00']";"0"
"1653035003.764658";"0783";"Tx";"['06', '27', '02', '00', '00', '00', '00', '00']";"0"
"1653035003.780097";"0783";"Tx";"['06', '27', '02', '00', '00', '00', '00', '00']";"0"
"1653035003.780181";"0783";"Tx";"['06', '27', '02', '00', '00', '00', '00', '00']";"0"
"1653035003.795585";"0783";"Tx";"['06', '27', '02', '00', '00', '00', '00', '00']";"0"
"1653035003.810892";"0783";"Tx";"['06', '27', '02', '00', '00', '00', '00', '00']";"0"
"1653035003.810969";"0783";"Tx";"['06', '27', '02', '00', '00', '00', '00', '00']";"0"
"1653035003.826245";"0783";"Tx";"['06', '27', '02', '00', '00', '00', '00', '00']";"0"
"1653035003.841758";"0783";"Tx";"['06', '27', '02', '00', '00', '00', '00', '00']";"0"
"1653035003.841846";"0783";"Tx";"['06', '27', '02', '00', '00', '00', '00', '00']";"0"
"1653035003.857076";"0783";"Tx";"['06', '27', '02', '00', '00', '00', '00', '00']";"0"
"1653035003.872454";"0783";"Tx";"['06', '27', '02', '00', '00', '00', '00', '00']";"0"
"1653035003.872533";"0783";"Tx";"['06', '27', '02', '00', '00', '00', '00', '00']";"0"
"1653035003.888505";"0783";"Tx";"['06', '27', '02', '00', '00', '00', '00', '00']";"0"
"1653035003.903254";"0783";"Tx";"['06', '27', '02', '00', '00', '00', '00', '00']";"0"
"1653035003.903296";"0783";"Tx";"['06', '27', '02', '00', '00', '00', '00', '00']";"0"
"1653035003.918628";"0783";"Tx";"['06', '27', '02', '00', '00', '00', '00', '00']";"0"
"1653035003.934090";"0783";"Tx";"['06', '27', '02', '00', '00', '00', '00', '00']";"0"
"1653035003.934159";"0783";"Tx";"['06', '27', '02', '00', '00', '00', '00', '00']";"0"
"1653035003.949422";"0783";"Tx";"['06', '27', '02', '00', '00', '00', '00', '00']";"0"
"1653035003.949499";"0783";"Tx";"['06', '27', '02', '00', '00', '00', '00', '00']";"0"
"1653035003.964940";"0783";"Tx";"['06', '27', '02', '00', '00', '00', '00', '00']";"0"
"1653035003.980257";"0783";"Tx";"['06', '27', '02', '00', '00', '00', '00', '00']";"0"
"1653035003.980339";"0783";"Tx";"['06', '27', '02', '00', '00', '00', '00', '00']";"0"
"1653035003.995699";"0783";"Tx";"['06', '27', '02', '00', '00', '00', '00', '00']";"0"
"1653035004.011016";"0783";"Tx";"['06', '27', '02', '00', '00', '00', '00', '00']";"0"
"1653035004.011097";"0783";"Tx";"['06', '27', '02', '00', '00', '00', '00', '00']";"0"
"1653035004.026570";"0783";"Tx";"['06', '27', '02', '00', '00', '00', '00', '00']";"0"
"1653035004.041808";"0783";"Tx";"['06', '27', '02', '00', '00', '00', '00', '00']";"0"
"1653035004.041900";"0783";"Tx";"['06', '27', '02', '00', '00', '00', '00', '00']";"0"
"1653035004.057506";"0783";"Tx";"['06', '27', '02', '00', '00', '00', '00', '00']";"0"
"1653035004.072613";"0783";"Tx";"['06', '27', '02', '00', '00', '00', '00', '00']";"0"
"1653035004.072686";"0783";"Tx";"['06', '27', '02', '00', '00', '00', '00', '00']";"0"
"1653035004.088184";"0783";"Tx";"['06', '27', '02', '00', '00', '00', '00', '00']";"0"
"1653035004.103416";"0783";"Tx";"['06', '27', '02', '00', '00', '00', '00', '00']";"0"
"1653035004.103490";"0783";"Tx";"['06', '27', '02', '00', '00', '00', '00', '00']";"0"
"1653035004.118805";"0783";"Tx";"['06', '27', '02', '00', '00', '00', '00', '00']";"0"
"1653035004.134202";"0783";"Tx";"['06', '27', '02', '00', '00', '00', '00', '00']";"0"
"1653035004.134270";"0783";"Tx";"['06', '27', '02', '00', '00', '00', '00', '00']";"0"
"1653035004.149581";"0783";"Tx";"['06', '27', '02', '00', '00', '00', '00', '00']";"0"
"1653035004.149660";"0783";"Tx";"['06', '27', '02', '00', '00', '00', '00', '00']";"0"
"1653035004.165006";"0783";"Tx";"['06', '27', '02', '00', '00', '00', '00', '00']";"0"
"1653035004.180397";"0783";"Tx";"['06', '27', '02', '00', '00', '00', '00', '00']";"0"
"1653035004.180490";"0783";"Tx";"['06', '27', '02', '00', '00', '00', '00', '00']";"0"
"1653035004.195859";"0783";"Tx";"['06', '27', '02', '00', '00', '00', '00', '00']";"0"
"1653035004.211092";"0783";"Tx";"['06', '27', '02', '00', '00', '00', '00', '00']";"0"
"1653035004.211160";"0783";"Tx";"['06', '27', '02', '00', '00', '00', '00', '00']";"0"
"1653035004.226648";"0783";"Tx";"['06', '27', '02', '00', '00', '00', '00', '00']";"0"
"1653035004.242091";"0783";"Tx";"['06', '27', '02', '00', '00', '00', '00', '00']";"0"
"1653035004.242173";"0783";"Tx";"['06', '27', '02', '00', '00', '00', '00', '00']";"0"
"1653035004.257483";"0783";"Tx";"['06', '27', '02', '00', '00', '00', '00', '00']";"0"
"1653035004.272789";"0783";"Tx";"['06', '27', '02', '00', '00', '00', '00', '00']";"0"
"1653035004.272889";"0783";"Tx";"['06', '27', '02', '00', '00', '00', '00', '00']";"0"
"1653035004.288232";"0783";"Tx";"['06', '27', '02', '00', '00', '00', '00', '00']";"0"
"1653035004.303492";"0783";"Tx";"['06', '27', '02', '00', '00', '00', '00', '00']";"0"
"1653035004.303552";"0783";"Tx";"['06', '27', '02', '00', '00', '00', '00', '00']";"0"
"1653035004.318867";"0783";"Tx";"['06', '27', '02', '00', '00', '00', '00', '00']";"0"
"1653035004.334371";"0783";"Tx";"['06', '27', '02', '00', '00', '00', '00', '00']";"0"
"1653035004.334413";"0783";"Tx";"['06', '27', '02', '00', '00', '00', '00', '00']";"0"
"1653035004.349730";"0783";"Tx";"['06', '27', '02', '00', '00', '00', '00', '00']";"0"
"1653035004.349775";"0783";"Tx";"['06', '27', '02', '00', '00', '00', '00', '00']";"0"
"1653035004.365122";"0783";"Tx";"['06', '27', '02', '00', '00', '00', '00', '00']";"0"
"1653035004.380531";"0783";"Tx";"['06', '27', '02', '00', '00', '00', '00', '00']";"0"
"1653035004.380595";"0783";"Tx";"['06', '27', '02', '00', '00', '00', '00', '00']";"0"
"1653035004.396097";"0783";"Tx";"['06', '27', '02', '00', '00', '00', '00', '00']";"0"
"1653035004.411332";"0783";"Tx";"['06', '27', '02', '00', '00', '00', '00', '00']";"0"
"1653035004.411399";"0783";"Tx";"['06', '27', '02', '00', '00', '00', '00', '00']";"0"
"1653035004.426833";"0783";"Tx";"['06', '27', '02', '00', '00', '00', '00', '00']";"0"
"1653035004.442250";"0783";"Tx";"['06', '27', '02', '00', '00', '00', '00', '00']";"0"
"1653035004.442332";"0783";"Tx";"['06', '27', '02', '00', '00', '00', '00', '00']";"0"
"1653035004.457532";"0783";"Tx";"['06', '27', '02', '00', '00', '00', '00', '00']";"0"
"1653035004.472821";"0783";"Tx";"['06', '27', '02', '00', '00', '00', '00', '00']";"0"
"1653035004.472890";"0783";"Tx";"['06', '27', '02', '00', '00', '00', '00', '00']";"0"
"1653035004.488426";"0783";"Tx";"['06', '27', '02', '00', '00', '00', '00', '00']";"0"
"1653035004.503704";"0783";"Tx";"['06', '27', '02', '00', '00', '00', '00', '00']";"0"
"1653035004.503760";"0783";"Tx";"['06', '27', '02', '00', '00', '00', '00', '00']";"0"
"1653035004.519110";"0783";"Tx";"['06', '27', '02', '00', '00', '00', '00', '00']";"0"
"1653035004.534480";"0783";"Tx";"['06', '27', '02', '00', '00', '00', '00', '00']";"0"
"1653035004.534536";"0783";"Tx";"['06', '27', '02', '00', '00', '00', '00', '00']";"0"
"1653035004.549917";"0783";"Tx";"['06', '27', '02', '00', '00', '00', '00', '00']";"0"
"1653035004.549991";"0783";"Tx";"['06', '27', '02', '00', '00', '00', '00', '00']";"0"
"1653035004.565280";"0783";"Tx";"['06', '27', '02', '00', '00', '00', '00', '00']";"0"
"1653035004.580712";"0783";"Tx";"['06', '27', '02', '00', '00', '00', '00', '00']";"0"
"1653035004.580794";"0783";"Tx";"['06', '27', '02', '00', '00', '00', '00', '00']";"0"
"1653035004.596151";"0783";"Tx";"['06', '27', '02', '00', '00', '00', '00', '00']";"0"
"1653035004.611494";"0783";"Tx";"['06', '27', '02', '00', '00', '00', '00', '00']";"0"
"1653035004.611551";"0783";"Tx";"['06', '27', '02', '00', '00', '00', '00', '00']";"0"
"1653035004.626826";"0783";"Tx";"['06', '27', '02', '00', '00', '00', '00', '00']";"0"
"1653035004.642389";"0783";"Tx";"['06', '27', '02', '00', '00', '00', '00', '00']";"0"
"1653035004.642461";"0783";"Tx";"['06', '27', '02', '00', '00', '00', '00', '00']";"0"
"1653035004.657732";"0783";"Tx";"['06', '27', '02', '00', '00', '00', '00', '00']";"0"
"1653035004.673070";"0783";"Tx";"['06', '27', '02', '00', '00', '00', '00', '00']";"0"
"1653035004.673158";"0783";"Tx";"['06', '27', '02', '00', '00', '00', '00', '00']";"0"
"1653035004.688593";"0783";"Tx";"['06', '27', '02', '00', '00', '00', '00', '00']";"0"
"1653035004.703862";"0783";"Tx";"['06', '27', '02', '00', '00', '00', '00', '00']";"0"
"1653035004.703933";"0783";"Tx";"['06', '27', '02', '00', '00', '00', '00', '00']";"0"
"1653035004.719211";"0783";"Tx";"['06', '27', '02', '00', '00', '00', '00', '00']";"0"
"1653035004.719282";"0783";"Tx";"['06', '27', '02', '00', '00', '00', '00', '00']";"0"
"1653035004.734677";"0783";"Tx";"['06', '27', '02', '00', '00', '00', '00', '00']";"0"
"1653035004.750071";"0783";"Tx";"['06', '27', '02', '00', '00', '00', '00', '00']";"0"
"1653035004.750169";"0783";"Tx";"['06', '27', '02', '00', '00', '00', '00', '00']";"0"
"1653035004.765413";"0783";"Tx";"['06', '27', '02', '00', '00', '00', '00', '00']";"0"
"1653035004.780860";"0783";"Tx";"['06', '27', '02', '00', '00', '00', '00', '00']";"0"
"1653035004.780917";"0783";"Tx";"['06', '27', '02', '00', '00', '00', '00', '00']";"0"
"1653035004.796344";"0783";"Tx";"['06', '27', '02', '00', '00', '00', '00', '00']";"0"
"1653035004.811675";"0783";"Tx";"['06', '27', '02', '00', '00', '00', '00', '00']";"0"
"1653035004.811748";"0783";"Tx";"['06', '27', '02', '00', '00', '00', '00', '00']";"0"
"1653035004.827153";"0783";"Tx";"['06', '27', '02', '00', '00', '00', '00', '00']";"0"
"1653035004.842340";"0783";"Tx";"['06', '27', '02', '00', '00', '00', '00', '00']";"0"
"1653035004.842424";"0783";"Tx";"['06', '27', '02', '00', '00', '00', '00', '00']";"0"
"1653035004.857901";"0783";"Tx";"['06', '27', '02', '00', '00', '00', '00', '00']";"0"
"1653035004.873144";"0783";"Tx";"['06', '27', '02', '00', '00', '00', '00', '00']";"0"
"1653035004.873238";"0783";"Tx";"['06', '27', '02', '00', '00', '00', '00', '00']";"0"
"1653035004.888672";"0783";"Tx";"['06', '27', '02', '00', '00', '00', '00', '00']";"0"
"1653035004.904006";"0783";"Tx";"['06', '27', '02', '00', '00', '00', '00', '00']";"0"
"1653035004.904074";"0783";"Tx";"['06', '27', '02', '00', '00', '00', '00', '00']";"0"
"1653035004.919397";"0783";"Tx";"['06', '27', '02', '00', '00', '00', '00', '00']";"0"
"1653035004.919487";"0783";"Tx";"['06', '27', '02', '00', '00', '00', '00', '00']";"0"
"1653035004.934851";"0783";"Tx";"['06', '27', '02', '00', '00', '00', '00', '00']";"0"
"1653035004.950211";"0783";"Tx";"['06', '27', '02', '00', '00', '00', '00', '00']";"0"
"1653035004.950301";"0783";"Tx";"['06', '27', '02', '00', '00', '00', '00', '00']";"0"
"1653035004.965661";"0783";"Tx";"['06', '27', '02', '00', '00', '00', '00', '00']";"0"
"1653035004.981023";"0783";"Tx";"['06', '27', '02', '00', '00', '00', '00', '00']";"0"
"1653035004.981122";"0783";"Tx";"['06', '27', '02', '00', '00', '00', '00', '00']";"0"
"1653035004.996517";"0783";"Tx";"['06', '27', '02', '00', '00', '00', '00', '00']";"0"
"1653035005.011837";"0783";"Tx";"['06', '27', '02', '00', '00', '00', '00', '00']";"0"
"1653035005.011909";"0783";"Tx";"['02', '3e', '00', '00', '00', '00', '00', '00']";"0"
"1653035005.011929";"0783";"Tx";"['06', '27', '02', '00', '00', '00', '00', '00']";"0"
"1653035005.027210";"0783";"Tx";"['06', '27', '02', '00', '00', '00', '00', '00']";"0"
"1653035005.042715";"0783";"Tx";"['06', '27', '02', '00', '00', '00', '00', '00']";"0"
"1653035005.042802";"0783";"Tx";"['06', '27', '02', '00', '00', '00', '00', '00']";"0"
"1653035005.057908";"0783";"Tx";"['06', '27', '02', '00', '00', '00', '00', '00']";"0"
"1653035005.073507";"0783";"Tx";"['06', '27', '02', '00', '00', '00', '00', '00']";"0"
"1653035005.073583";"0783";"Tx";"['06', '27', '02', '00', '00', '00', '00', '00']";"0"
"1653035005.088778";"0783";"Tx";"['06', '27', '02', '00', '00', '00', '00', '00']";"0"
"1653035005.104152";"0783";"Tx";"['06', '27', '02', '00', '00', '00', '00', '00']";"0"
"1653035005.104228";"0783";"Tx";"['06', '27', '02', '00', '00', '00', '00', '00']";"0"
"1653035005.119573";"0783";"Tx";"['06', '27', '02', '00', '00', '00', '00', '00']";"0"
"1653035005.119645";"0783";"Tx";"['06', '27', '02', '00', '00', '00', '00', '00']";"0"
"1653035005.134990";"0783";"Tx";"['06', '27', '02', '00', '00', '00', '00', '00']";"0"
"1653035005.150364";"0783";"Tx";"['06', '27', '02', '00', '00', '00', '00', '00']";"0"
"1653035005.150442";"0783";"Tx";"['06', '27', '02', '00', '00', '00', '00', '00']";"0"
"1653035005.165768";"0783";"Tx";"['06', '27', '02', '00', '00', '00', '00', '00']";"0"
"1653035005.181245";"0783";"Tx";"['06', '27', '02', '00', '00', '00', '00', '00']";"0"
"1653035005.181326";"0783";"Tx";"['06', '27', '02', '00', '00', '00', '00', '00']";"0"
"1653035005.196598";"0783";"Tx";"['06', '27', '02', '00', '00', '00', '00', '00']";"0"
"1653035005.212014";"0783";"Tx";"['06', '27', '02', '00', '00', '00', '00', '00']";"0"
"1653035005.212060";"0783";"Tx";"['06', '27', '02', '00', '00', '00', '00', '00']";"0"
"1653035005.227478";"0783";"Tx";"['06', '27', '02', '00', '00', '00', '00', '00']";"0"
"1653035005.242803";"0783";"Tx";"['06', '27', '02', '00', '00', '00', '00', '00']";"0"
"1653035005.242882";"0783";"Tx";"['06', '27', '02', '00', '00', '00', '00', '00']";"0"
"1653035005.258263";"0783";"Tx";"['06', '27', '02', '00', '00', '00', '00', '00']";"0"
"1653035005.273797";"0783";"Tx";"['06', '27', '02', '00', '00', '00', '00', '00']";"0"
"1653035005.273888";"0783";"Tx";"['06', '27', '02', '00', '00', '00', '00', '00']";"0"
"1653035005.289017";"0783";"Tx";"['06', '27', '02', '00', '00', '00', '00', '00']";"0"
"1653035005.304302";"0783";"Tx";"['06', '27', '02', '00', '00', '00', '00', '00']";"0"
"1653035005.306269";"0783";"Tx";"['06', '27', '02', '00', '00', '00', '00', '00']";"0"
"1653035005.319706";"0783";"Tx";"['06', '27', '02', '00', '00', '00', '00', '00']";"0"
"1653035005.319770";"0783";"Tx";"['06', '27', '02', '00', '00', '00', '00', '00']";"0"
"1653035005.335150";"0783";"Tx";"['06', '27', '02', '00', '00', '00', '00', '00']";"0"
"1653035005.350562";"0783";"Tx";"['06', '27', '02', '00', '00', '00', '00', '00']";"0"
"1653035005.350638";"0783";"Tx";"['06', '27', '02', '00', '00', '00', '00', '00']";"0"
"1653035005.365898";"0783";"Tx";"['06', '27', '02', '00', '00', '00', '00', '00']";"0"
"1653035005.381355";"0783";"Tx";"['06', '27', '02', '00', '00', '00', '00', '00']";"0"
"1653035005.381452";"0783";"Tx";"['06', '27', '02', '00', '00', '00', '00', '00']";"0"
"1653035005.396847";"0783";"Tx";"['06', '27', '02', '00', '00', '00', '00', '00']";"0"
"1653035005.412182";"0783";"Tx";"['06', '27', '02', '00', '00', '00', '00', '00']";"0"
"1653035005.412252";"0783";"Tx";"['06', '27', '02', '00', '00', '00', '00', '00']";"0"
"1653035005.427583";"0783";"Tx";"['06', '27', '02', '00', '00', '00', '00', '00']";"0"
"1653035005.443163";"0783";"Tx";"['06', '27', '02', '00', '00', '00', '00', '00']";"0"
"1653035005.443249";"0783";"Tx";"['06', '27', '02', '00', '00', '00', '00', '00']";"0"
"1653035005.458244";"0783";"Tx";"['06', '27', '02', '00', '00', '00', '00', '00']";"0"
"1653035005.473705";"0783";"Tx";"['06', '27', '02', '00', '00', '00', '00', '00']";"0"
"1653035005.473775";"0783";"Tx";"['06', '27', '02', '00', '00', '00', '00', '00']";"0"
"1653035005.489070";"0783";"Tx";"['06', '27', '02', '00', '00', '00', '00', '00']";"0"
"1653035005.504478";"0783";"Tx";"['06', '27', '02', '00', '00', '00', '00', '00']";"0"
"1653035005.504552";"0783";"Tx";"['06', '27', '02', '00', '00', '00', '00', '00']";"0"
"1653035005.519897";"0783";"Tx";"['06', '27', '02', '00', '00', '00', '00', '00']";"0"
"1653035005.519968";"0783";"Tx";"['06', '27', '02', '00', '00', '00', '00', '00']";"0"
"1653035005.535315";"0783";"Tx";"['06', '27', '02', '00', '00', '00', '00', '00']";"0"
"1653035005.550696";"0783";"Tx";"['06', '27', '02', '00', '00', '00', '00', '00']";"0"
"1653035005.550770";"0783";"Tx";"['06', '27', '02', '00', '00', '00', '00', '00']";"0"
"1653035005.566154";"0783";"Tx";"['06', '27', '02', '00', '00', '00', '00', '00']";"0"
"1653035005.581442";"0783";"Tx";"['06', '27', '02', '00', '00', '00', '00', '00']";"0"
"1653035005.581498";"0783";"Tx";"['06', '27', '02', '00', '00', '00', '00', '00']";"0"
"1653035005.596933";"0783";"Tx";"['06', '27', '02', '00', '00', '00', '00', '00']";"0"
"1653035005.612266";"0783";"Tx";"['06', '27', '02', '00', '00', '00', '00', '00']";"0"
"1653035005.612332";"0783";"Tx";"['06', '27', '02', '00', '00', '00', '00', '00']";"0"
"1653035005.627740";"0783";"Tx";"['06', '27', '02', '00', '00', '00', '00', '00']";"0"
"1653035005.643042";"0783";"Tx";"['06', '27', '02', '00', '00', '00', '00', '00']";"0"
"1653035005.643084";"0783";"Tx";"['06', '27', '02', '00', '00', '00', '00', '00']";"0"
"1653035005.658404";"0783";"Tx";"['06', '27', '02', '00', '00', '00', '00', '00']";"0"
"1653035005.673989";"0783";"Tx";"['06', '27', '02', '00', '00', '00', '00', '00']";"0"
"1653035005.674063";"0783";"Tx";"['06', '27', '02', '00', '00', '00', '00', '00']";"0"
"1653035005.689172";"0783";"Tx";"['06', '27', '02', '00', '00', '00', '00', '00']";"0"
"1653035005.689254";"0783";"Tx";"['06', '27', '02', '00', '00', '00', '00', '00']";"0"
"1653035005.704623";"0783";"Tx";"['06', '27', '02', '00', '00', '00', '00', '00']";"0"
"1653035005.720062";"0783";"Tx";"['06', '27', '02', '00', '00', '00', '00', '00']";"0"
"1653035005.720143";"0783";"Tx";"['06', '27', '02', '00', '00', '00', '00', '00']";"0"
"1653035005.735462";"0783";"Tx";"['06', '27', '02', '00', '00', '00', '00', '00']";"0"
"1653035005.750840";"0783";"Tx";"['06', '27', '02', '00', '00', '00', '00', '00']";"0"
"1653035005.750924";"0783";"Tx";"['06', '27', '02', '00', '00', '00', '00', '00']";"0"
"1653035005.766220";"0783";"Tx";"['06', '27', '02', '00', '00', '00', '00', '00']";"0"
"1653035005.781655";"0783";"Tx";"['06', '27', '02', '00', '00', '00', '00', '00']";"0"
"1653035005.781731";"0783";"Tx";"['06', '27', '02', '00', '00', '00', '00', '00']";"0"
"1653035005.797155";"0783";"Tx";"['06', '27', '02', '00', '00', '00', '00', '00']";"0"
"1653035005.812456";"0783";"Tx";"['06', '27', '02', '00', '00', '00', '00', '00']";"0"
"1653035005.812528";"0783";"Tx";"['06', '27', '02', '00', '00', '00', '00', '00']";"0"
"1653035005.827932";"0783";"Tx";"['06', '27', '02', '00', '00', '00', '00', '00']";"0"
"1653035005.843258";"0783";"Tx";"['06', '27', '02', '00', '00', '00', '00', '00']";"0"
"1653035005.843337";"0783";"Tx";"['06', '27', '02', '00', '00', '00', '00', '00']";"0"
"1653035005.858699";"0783";"Tx";"['06', '27', '02', '00', '00', '00', '00', '00']";"0"
"1653035005.874106";"0783";"Tx";"['06', '27', '02', '00', '00', '00', '00', '00']";"0"
"1653035005.874190";"0783";"Tx";"['06', '27', '02', '00', '00', '00', '00', '00']";"0"
"1653035005.889415";"0783";"Tx";"['06', '27', '02', '00', '00', '00', '00', '00']";"0"
"1653035005.889505";"0783";"Tx";"['06', '27', '02', '00', '00', '00', '00', '00']";"0"
"1653035005.904817";"0783";"Tx";"['06', '27', '02', '00', '00', '00', '00', '00']";"0"
"1653035005.920201";"0783";"Tx";"['06', '27', '02', '00', '00', '00', '00', '00']";"0"
"1653035005.920285";"0783";"Tx";"['06', '27', '02', '00', '00', '00', '00', '00']";"0"
"1653035005.935614";"0783";"Tx";"['06', '27', '02', '00', '00', '00', '00', '00']";"0"
"1653035005.950985";"0783";"Tx";"['06', '27', '02', '00', '00', '00', '00', '00']";"0"
"1653035005.951075";"0783";"Tx";"['06', '27', '02', '00', '00', '00', '00', '00']";"0"
"1653035005.966442";"0783";"Tx";"['06', '27', '02', '00', '00', '00', '00', '00']";"0"
"1653035005.981909";"0783";"Tx";"['06', '27', '02', '00', '00', '00', '00', '00']";"0"
"1653035005.981986";"0783";"Tx";"['06', '27', '02', '00', '00', '00', '00', '00']";"0"
"1653035005.997256";"0783";"Tx";"['06', '27', '02', '00', '00', '00', '00', '00']";"0"
"1653035006.012598";"0783";"Tx";"['06', '27', '02', '00', '00', '00', '00', '00']";"0"
"1653035006.012677";"0783";"Tx";"['06', '27', '02', '00', '00', '00', '00', '00']";"0"
"1653035006.028086";"0783";"Tx";"['06', '27', '02', '00', '00', '00', '00', '00']";"0"
"1653035006.043475";"0783";"Tx";"['06', '27', '02', '00', '00', '00', '00', '00']";"0"
"1653035006.043554";"0783";"Tx";"['06', '27', '02', '00', '00', '00', '00', '00']";"0"
"1653035006.058858";"0783";"Tx";"['06', '27', '02', '00', '00', '00', '00', '00']";"0"
"1653035006.074250";"0783";"Tx";"['06', '27', '02', '00', '00', '00', '00', '00']";"0"
"1653035006.074294";"0783";"Tx";"['06', '27', '02', '00', '00', '00', '00', '00']";"0"
"1653035006.089581";"0783";"Tx";"['06', '27', '02', '00', '00', '00', '00', '00']";"0"
"1653035006.089714";"0783";"Tx";"['06', '27', '02', '00', '00', '00', '00', '00']";"0"
"1653035006.104978";"0783";"Tx";"['06', '27', '02', '00', '00', '00', '00', '00']";"0"
"1653035006.120393";"0783";"Tx";"['06', '27', '02', '00', '00', '00', '00', '00']";"0"
"1653035006.120467";"0783";"Tx";"['06', '27', '02', '00', '00', '00', '00', '00']";"0"
"1653035006.135749";"0783";"Tx";"['06', '27', '02', '00', '00', '00', '00', '00']";"0"
"1653035006.151181";"0783";"Tx";"['06', '27', '02', '00', '00', '00', '00', '00']";"0"
"1653035006.151246";"0783";"Tx";"['06', '27', '02', '00', '00', '00', '00', '00']";"0"
"1653035006.166574";"0783";"Tx";"['06', '27', '02', '00', '00', '00', '00', '00']";"0"
"1653035006.181934";"0783";"Tx";"['06', '27', '02', '00', '00', '00', '00', '00']";"0"
"1653035006.182011";"0783";"Tx";"['06', '27', '02', '00', '00', '00', '00', '00']";"0"
"1653035006.197349";"0783";"Tx";"['06', '27', '02', '00', '00', '00', '00', '00']";"0"
"1653035006.212776";"0783";"Tx";"['06', '27', '02', '00', '00', '00', '00', '00']";"0"
"1653035006.212855";"0783";"Tx";"['06', '27', '02', '00', '00', '00', '00', '00']";"0"
"1653035006.228225";"0783";"Tx";"['06', '27', '02', '00', '00', '00', '00', '00']";"0"
"1653035006.243656";"0783";"Tx";"['06', '27', '02', '00', '00', '00', '00', '00']";"0"
"1653035006.243731";"0783";"Tx";"['06', '27', '02', '00', '00', '00', '00', '00']";"0"
"1653035006.259039";"0783";"Tx";"['06', '27', '02', '00', '00', '00', '00', '00']";"0"
"1653035006.274389";"0783";"Tx";"['06', '27', '02', '00', '00', '00', '00', '00']";"0"
"1653035006.274478";"0783";"Tx";"['06', '27', '02', '00', '00', '00', '00', '00']";"0"
"1653035006.289700";"0783";"Tx";"['06', '27', '02', '00', '00', '00', '00', '00']";"0"
"1653035006.289776";"0783";"Tx";"['06', '27', '02', '00', '00', '00', '00', '00']";"0"
"1653035006.305073";"0783";"Tx";"['06', '27', '02', '00', '00', '00', '00', '00']";"0"
"1653035006.320576";"0783";"Tx";"['06', '27', '02', '00', '00', '00', '00', '00']";"0"
"1653035006.320624";"0783";"Tx";"['06', '27', '02', '00', '00', '00', '00', '00']";"0"
"1653035006.335919";"0783";"Tx";"['06', '27', '02', '00', '00', '00', '00', '00']";"0"
"1653035006.351330";"0783";"Tx";"['06', '27', '02', '00', '00', '00', '00', '00']";"0"
"1653035006.351408";"0783";"Tx";"['06', '27', '02', '00', '00', '00', '00', '00']";"0"
"1653035006.366684";"0783";"Tx";"['06', '27', '02', '00', '00', '00', '00', '00']";"0"
"1653035006.382107";"0783";"Tx";"['06', '27', '02', '00', '00', '00', '00', '00']";"0"
"1653035006.382205";"0783";"Tx";"['06', '27', '02', '00', '00', '00', '00', '00']";"0"
"1653035006.397513";"0783";"Tx";"['06', '27', '02', '00', '00', '00', '00', '00']";"0"
"1653035006.412923";"0783";"Tx";"['06', '27', '02', '00', '00', '00', '00', '00']";"0"
"1653035006.412990";"0783";"Tx";"['06', '27', '02', '00', '00', '00', '00', '00']";"0"
"1653035006.428391";"0783";"Tx";"['06', '27', '02', '00', '00', '00', '00', '00']";"0"
"1653035006.443821";"0783";"Tx";"['06', '27', '02', '00', '00', '00', '00', '00']";"0"
"1653035006.443913";"0783";"Tx";"['06', '27', '02', '00', '00', '00', '00', '00']";"0"
"1653035006.459106";"0783";"Tx";"['06', '27', '02', '00', '00', '00', '00', '00']";"0"
"1653035006.476376";"0783";"Tx";"['06', '27', '02', '00', '00', '00', '00', '00']";"0"
"1653035006.476442";"0783";"Tx";"['06', '27', '02', '00', '00', '00', '00', '00']";"0"
"1653035006.489797";"0783";"Tx";"['06', '27', '02', '00', '00', '00', '00', '00']";"0"
"1653035006.489864";"0783";"Tx";"['06', '27', '02', '00', '00', '00', '00', '00']";"0"
"1653035006.505170";"0783";"Tx";"['06', '27', '02', '00', '00', '00', '00', '00']";"0"
"1653035006.520666";"0783";"Tx";"['06', '27', '02', '00', '00', '00', '00', '00']";"0"
"1653035006.520807";"0783";"Tx";"['06', '27', '02', '00', '00', '00', '00', '00']";"0"
"1653035006.536074";"0783";"Tx";"['06', '27', '02', '00', '00', '00', '00', '00']";"0"
"1653035006.551506";"0783";"Tx";"['06', '27', '02', '00', '00', '00', '00', '00']";"0"
"1653035006.551583";"0783";"Tx";"['06', '27', '02', '00', '00', '00', '00', '00']";"0"
"1653035006.566884";"0783";"Tx";"['06', '27', '02', '00', '00', '00', '00', '00']";"0"
"1653035006.582263";"0783";"Tx";"['06', '27', '02', '00', '00', '00', '00', '00']";"0"
"1653035006.582332";"0783";"Tx";"['06', '27', '02', '00', '00', '00', '00', '00']";"0"
"1653035006.597777";"0783";"Tx";"['06', '27', '02', '00', '00', '00', '00', '00']";"0"
"1653035006.613018";"0783";"Tx";"['06', '27', '02', '00', '00', '00', '00', '00']";"0"
"1653035006.613057";"0783";"Tx";"['06', '27', '02', '00', '00', '00', '00', '00']";"0"
"1653035006.628459";"0783";"Tx";"['06', '27', '02', '00', '00', '00', '00', '00']";"0"
"1653035006.643833";"0783";"Tx";"['06', '27', '02', '00', '00', '00', '00', '00']";"0"
"1653035006.643898";"0783";"Tx";"['06', '27', '02', '00', '00', '00', '00', '00']";"0"
"1653035006.659342";"0783";"Tx";"['06', '27', '02', '00', '00', '00', '00', '00']";"0"
"1653035006.659415";"0783";"Tx";"['06', '27', '02', '00', '00', '00', '00', '00']";"0"
"1653035006.674712";"0783";"Tx";"['06', '27', '02', '00', '00', '00', '00', '00']";"0"
"1653035006.690173";"0783";"Tx";"['06', '27', '02', '00', '00', '00', '00', '00']";"0"
"1653035006.690248";"0783";"Tx";"['06', '27', '02', '00', '00', '00', '00', '00']";"0"
"1653035006.705442";"0783";"Tx";"['06', '27', '02', '00', '00', '00', '00', '00']";"0"
"1653035006.720837";"0783";"Tx";"['06', '27', '02', '00', '00', '00', '00', '00']";"0"
"1653035006.720908";"0783";"Tx";"['06', '27', '02', '00', '00', '00', '00', '00']";"0"
"1653035006.736230";"0783";"Tx";"['06', '27', '02', '00', '00', '00', '00', '00']";"0"
"1653035006.751653";"0783";"Tx";"['06', '27', '02', '00', '00', '00', '00', '00']";"0"
"1653035006.751721";"0783";"Tx";"['06', '27', '02', '00', '00', '00', '00', '00']";"0"
"1653035006.767019";"0783";"Tx";"['06', '27', '02', '00', '00', '00', '00', '00']";"0"
"1653035006.782457";"0783";"Tx";"['06', '27', '02', '00', '00', '00', '00', '00']";"0"
"1653035006.782556";"0783";"Tx";"['06', '27', '02', '00', '00', '00', '00', '00']";"0"
"1653035006.797904";"0783";"Tx";"['06', '27', '02', '00', '00', '00', '00', '00']";"0"
"1653035006.813328";"0783";"Tx";"['06', '27', '02', '00', '00', '00', '00', '00']";"0"
"1653035006.813402";"0783";"Tx";"['06', '27', '02', '00', '00', '00', '00', '00']";"0"
"1653035006.828696";"0783";"Tx";"['06', '27', '02', '00', '00', '00', '00', '00']";"0"
"1653035006.844131";"0783";"Tx";"['06', '27', '02', '00', '00', '00', '00', '00']";"0"
"1653035006.844213";"0783";"Tx";"['06', '27', '02', '00', '00', '00', '00', '00']";"0"
"1653035006.859370";"0783";"Tx";"['06', '27', '02', '00', '00', '00', '00', '00']";"0"
"1653035006.859446";"0783";"Tx";"['06', '27', '02', '00', '00', '00', '00', '00']";"0"
"1653035006.874840";"0783";"Tx";"['06', '27', '02', '00', '00', '00', '00', '00']";"0"
"1653035006.890335";"0783";"Tx";"['06', '27', '02', '00', '00', '00', '00', '00']";"0"
"1653035006.890419";"0783";"Tx";"['06', '27', '02', '00', '00', '00', '00', '00']";"0"
"1653035006.905588";"0783";"Tx";"['06', '27', '02', '00', '00', '00', '00', '00']";"0"
"1653035006.920973";"0783";"Tx";"['06', '27', '02', '00', '00', '00', '00', '00']";"0"
"1653035006.921045";"0783";"Tx";"['06', '27', '02', '00', '00', '00', '00', '00']";"0"
"1653035006.936370";"0783";"Tx";"['06', '27', '02', '00', '00', '00', '00', '00']";"0"
"1653035006.951814";"0783";"Tx";"['06', '27', '02', '00', '00', '00', '00', '00']";"0"
"1653035006.951892";"0783";"Tx";"['06', '27', '02', '00', '00', '00', '00', '00']";"0"
"1653035006.967176";"0783";"Tx";"['06', '27', '02', '00', '00', '00', '00', '00']";"0"
"1653035006.982575";"0783";"Tx";"['06', '27', '02', '00', '00', '00', '00', '00']";"0"
"1653035006.982652";"0783";"Tx";"['06', '27', '02', '00', '00', '00', '00', '00']";"0"
"1653035006.998003";"0783";"Tx";"['06', '27', '02', '00', '00', '00', '00', '00']";"0"
"1653035007.013415";"0783";"Tx";"['06', '27', '02', '00', '00', '00', '00', '00']";"0"
"1653035007.013496";"0783";"Tx";"['06', '27', '02', '00', '00', '00', '00', '00']";"0"
"1653035007.028842";"0783";"Tx";"['06', '27', '02', '00', '00', '00', '00', '00']";"0"
"1653035007.044283";"0783";"Tx";"['06', '27', '02', '00', '00', '00', '00', '00']";"0"
"1653035007.044366";"0783";"Tx";"['06', '27', '02', '00', '00', '00', '00', '00']";"0"
"1653035007.059525";"0783";"Tx";"['06', '27', '02', '00', '00', '00', '00', '00']";"0"
"1653035007.059597";"0783";"Tx";"['06', '27', '02', '00', '00', '00', '00', '00']";"0"
"1653035007.075034";"0783";"Tx";"['06', '27', '02', '00', '00', '00', '00', '00']";"0"
"1653035007.090379";"0783";"Tx";"['06', '27', '02', '00', '00', '00', '00', '00']";"0"
"1653035007.090452";"0783";"Tx";"['06', '27', '02', '00', '00', '00', '00', '00']";"0"
"1653035007.105740";"0783";"Tx";"['06', '27', '02', '00', '00', '00', '00', '00']";"0"
"1653035007.121226";"0783";"Tx";"['06', '27', '02', '00', '00', '00', '00', '00']";"0"
"1653035007.121301";"0783";"Tx";"['06', '27', '02', '00', '00', '00', '00', '00']";"0"
"1653035007.136568";"0783";"Tx";"['06', '27', '02', '00', '00', '00', '00', '00']";"0"
"1653035007.151992";"0783";"Tx";"['06', '27', '02', '00', '00', '00', '00', '00']";"0"
"1653035007.152061";"0783";"Tx";"['06', '27', '02', '00', '00', '00', '00', '00']";"0"
"1653035007.167336";"0783";"Tx";"['06', '27', '02', '00', '00', '00', '00', '00']";"0"
"1653035007.182729";"0783";"Tx";"['06', '27', '02', '00', '00', '00', '00', '00']";"0"
"1653035007.182820";"0783";"Tx";"['06', '27', '02', '00', '00', '00', '00', '00']";"0"
"1653035007.198206";"0783";"Tx";"['06', '27', '02', '00', '00', '00', '00', '00']";"0"
"1653035007.213636";"0783";"Tx";"['06', '27', '02', '00', '00', '00', '00', '00']";"0"
"1653035007.213717";"0783";"Tx";"['06', '27', '02', '00', '00', '00', '00', '00']";"0"
"1653035007.228960";"0783";"Tx";"['06', '27', '02', '00', '00', '00', '00', '00']";"0"
"1653035007.259762";"0783";"Tx";"['06', '27', '02', '00', '00', '00', '00', '00']";"0"
"1653035007.259843";"0783";"Tx";"['06', '27', '02', '00', '00', '00', '00', '00']";"0"
"1653035007.259864";"0783";"Tx";"['06', '27', '02', '00', '00', '00', '00', '00']";"0"
"1653035007.259882";"0783";"Tx";"['06', '27', '02', '00', '00', '00', '00', '00']";"0"
"1653035007.275284";"0783";"Tx";"['06', '27', '02', '00', '00', '00', '00', '00']";"0"
"1653035007.290498";"0783";"Tx";"['06', '27', '02', '00', '00', '00', '00', '00']";"0"
"1653035007.290571";"0783";"Tx";"['06', '27', '02', '00', '00', '00', '00', '00']";"0"
"1653035007.305865";"0783";"Tx";"['06', '27', '02', '00', '00', '00', '00', '00']";"0"
"1653035007.321274";"0783";"Tx";"['06', '27', '02', '00', '00', '00', '00', '00']";"0"
"1653035007.321333";"0783";"Tx";"['06', '27', '02', '00', '00', '00', '00', '00']";"0"
"1653035007.336696";"0783";"Tx";"['06', '27', '02', '00', '00', '00', '00', '00']";"0"
"1653035007.352086";"0783";"Tx";"['06', '27', '02', '00', '00', '00', '00', '00']";"0"
"1653035007.352143";"0783";"Tx";"['06', '27', '02', '00', '00', '00', '00', '00']";"0"
"1653035007.367484";"0783";"Tx";"['06', '27', '02', '00', '00', '00', '00', '00']";"0"
"1653035007.382892";"0783";"Tx";"['06', '27', '02', '00', '00', '00', '00', '00']";"0"
"1653035007.382951";"0783";"Tx";"['06', '27', '02', '00', '00', '00', '00', '00']";"0"
"1653035007.398380";"0783";"Tx";"['06', '27', '02', '00', '00', '00', '00', '00']";"0"
"1653035007.413596";"0783";"Tx";"['06', '27', '02', '00', '00', '00', '00', '00']";"0"
"1653035007.413689";"0783";"Tx";"['06', '27', '02', '00', '00', '00', '00', '00']";"0"
"1653035007.429159";"0783";"Tx";"['06', '27', '02', '00', '00', '00', '00', '00']";"0"
"1653035007.444510";"0783";"Tx";"['06', '27', '02', '00', '00', '00', '00', '00']";"0"
"1653035007.444595";"0783";"Tx";"['06', '27', '02', '00', '00', '00', '00', '00']";"0"
"1653035007.459857";"0783";"Tx";"['06', '27', '02', '00', '00', '00', '00', '00']";"0"
"1653035007.460055";"0783";"Tx";"['06', '27', '02', '00', '00', '00', '00', '00']";"0"
"1653035007.475225";"0783";"Tx";"['06', '27', '02', '00', '00', '00', '00', '00']";"0"
"1653035007.490730";"0783";"Tx";"['06', '27', '02', '00', '00', '00', '00', '00']";"0"
"1653035007.490804";"0783";"Tx";"['06', '27', '02', '00', '00', '00', '00', '00']";"0"
"1653035007.506066";"0783";"Tx";"['06', '27', '02', '00', '00', '00', '00', '00']";"0"
"1653035007.521432";"0783";"Tx";"['06', '27', '02', '00', '00', '00', '00', '00']";"0"
"1653035007.521518";"0783";"Tx";"['06', '27', '02', '00', '00', '00', '00', '00']";"0"
"1653035007.536854";"0783";"Tx";"['06', '27', '02', '00', '00', '00', '00', '00']";"0"
"1653035007.552268";"0783";"Tx";"['06', '27', '02', '00', '00', '00', '00', '00']";"0"
"1653035007.552363";"0783";"Tx";"['06', '27', '02', '00', '00', '00', '00', '00']";"0"
"1653035007.567648";"0783";"Tx";"['06', '27', '02', '00', '00', '00', '00', '00']";"0"
"1653035007.583058";"0783";"Tx";"['06', '27', '02', '00', '00', '00', '00', '00']";"0"
"1653035007.583158";"0783";"Tx";"['06', '27', '02', '00', '00', '00', '00', '00']";"0"
"1653035007.598542";"0783";"Tx";"['06', '27', '02', '00', '00', '00', '00', '00']";"0"
"1653035007.613821";"0783";"Tx";"['06', '27', '02', '00', '00', '00', '00', '00']";"0"
"1653035007.613874";"0783";"Tx";"['06', '27', '02', '00', '00', '00', '00', '00']";"0"
"1653035007.629159";"0783";"Tx";"['06', '27', '02', '00', '00', '00', '00', '00']";"0"
"1653035007.629223";"0783";"Tx";"['06', '27', '02', '00', '00', '00', '00', '00']";"0"
"1653035007.644694";"0783";"Tx";"['06', '27', '02', '00', '00', '00', '00', '00']";"0"
"1653035007.660126";"0783";"Tx";"['06', '27', '02', '00', '00', '00', '00', '00']";"0"
"1653035007.660192";"0783";"Tx";"['06', '27', '02', '00', '00', '00', '00', '00']";"0"
"1653035007.675534";"0783";"Tx";"['06', '27', '02', '00', '00', '00', '00', '00']";"0"
"1653035007.690855";"0783";"Tx";"['06', '27', '02', '00', '00', '00', '00', '00']";"0"
"1653035007.690927";"0783";"Tx";"['06', '27', '02', '00', '00', '00', '00', '00']";"0"
"1653035007.706304";"0783";"Tx";"['06', '27', '02', '00', '00', '00', '00', '00']";"0"
"1653035007.721561";"0783";"Tx";"['06', '27', '02', '00', '00', '00', '00', '00']";"0"
"1653035007.721640";"0783";"Tx";"['06', '27', '02', '00', '00', '00', '00', '00']";"0"
"1653035007.737074";"0783";"Tx";"['06', '27', '02', '00', '00', '00', '00', '00']";"0"
"1653035007.752441";"0783";"Tx";"['06', '27', '02', '00', '00', '00', '00', '00']";"0"
"1653035007.752518";"0783";"Tx";"['06', '27', '02', '00', '00', '00', '00', '00']";"0"
"1653035007.767876";"0783";"Tx";"['06', '27', '02', '00', '00', '00', '00', '00']";"0"
"1653035007.783168";"0783";"Tx";"['06', '27', '02', '00', '00', '00', '00', '00']";"0"
"1653035007.783311";"0783";"Tx";"['06', '27', '02', '00', '00', '00', '00', '00']";"0"
"1653035007.798487";"0783";"Tx";"['06', '27', '02', '00', '00', '00', '00', '00']";"0"
"1653035007.814030";"0783";"Tx";"['06', '27', '02', '00', '00', '00', '00', '00']";"0"
"1653035007.814087";"0783";"Tx";"['06', '27', '02', '00', '00', '00', '00', '00']";"0"
"1653035007.829365";"0783";"Tx";"['06', '27', '02', '00', '00', '00', '00', '00']";"0"
"1653035007.829405";"0783";"Tx";"['06', '27', '02', '00', '00', '00', '00', '00']";"0"
"1653035007.844700";"0783";"Tx";"['06', '27', '02', '00', '00', '00', '00', '00']";"0"
"1653035007.860175";"0783";"Tx";"['06', '27', '02', '00', '00', '00', '00', '00']";"0"
"1653035007.860218";"0783";"Tx";"['06', '27', '02', '00', '00', '00', '00', '00']";"0"
"1653035007.875542";"0783";"Tx";"['06', '27', '02', '00', '00', '00', '00', '00']";"0"
"1653035007.890993";"0783";"Tx";"['06', '27', '02', '00', '00', '00', '00', '00']";"0"
"1653035007.891071";"0783";"Tx";"['06', '27', '02', '00', '00', '00', '00', '00']";"0"
"1653035007.906401";"0783";"Tx";"['06', '27', '02', '00', '00', '00', '00', '00']";"0"
"1653035007.921752";"0783";"Tx";"['06', '27', '02', '00', '00', '00', '00', '00']";"0"
"1653035007.921822";"0783";"Tx";"['06', '27', '02', '00', '00', '00', '00', '00']";"0"
"1653035007.937170";"0783";"Tx";"['06', '27', '02', '00', '00', '00', '00', '00']";"0"
"1653035007.952646";"0783";"Tx";"['06', '27', '02', '00', '00', '00', '00', '00']";"0"
"1653035007.952718";"0783";"Tx";"['06', '27', '02', '00', '00', '00', '00', '00']";"0"
"1653035007.968026";"0783";"Tx";"['06', '27', '02', '00', '00', '00', '00', '00']";"0"
"1653035007.983388";"0783";"Tx";"['06', '27', '02', '00', '00', '00', '00', '00']";"0"
"1653035007.984006";"0783";"Tx";"['06', '27', '02', '00', '00', '00', '00', '00']";"0"
"1653035007.998772";"0783";"Tx";"['06', '27', '02', '00', '00', '00', '00', '00']";"0"
"1653035008.014153";"0783";"Tx";"['06', '27', '02', '00', '00', '00', '00', '00']";"0"
"1653035008.014231";"0783";"Tx";"['02', '3e', '00', '00', '00', '00', '00', '00']";"0"
"1653035008.014250";"0783";"Tx";"['06', '27', '02', '00', '00', '00', '00', '00']";"0"
"1653035008.029526";"0783";"Tx";"['06', '27', '02', '00', '00', '00', '00', '00']";"0"
"1653035008.029577";"0783";"Tx";"['06', '27', '02', '00', '00', '00', '00', '00']";"0"
"1653035008.045030";"0783";"Tx";"['06', '27', '02', '00', '00', '00', '00', '00']";"0"
"1653035008.060328";"0783";"Tx";"['06', '27', '02', '00', '00', '00', '00', '00']";"0"
"1653035008.060392";"0783";"Tx";"['06', '27', '02', '00', '00', '00', '00', '00']";"0"
"1653035008.075682";"0783";"Tx";"['06', '27', '02', '00', '00', '00', '00', '00']";"0"
"1653035008.091285";"0783";"Tx";"['06', '27', '02', '00', '00', '00', '00', '00']";"0"
"1653035008.091377";"0783";"Tx";"['06', '27', '02', '00', '00', '00', '00', '00']";"0"
"1653035008.106510";"0783";"Tx";"['06', '27', '02', '00', '00', '00', '00', '00']";"0"
"1653035008.121907";"0783";"Tx";"['06', '27', '02', '00', '00', '00', '00', '00']";"0"
"1653035008.121994";"0783";"Tx";"['06', '27', '02', '00', '00', '00', '00', '00']";"0"
"1653035008.137326";"0783";"Tx";"['06', '27', '02', '00', '00', '00', '00', '00']";"0"
"1653035008.152710";"0783";"Tx";"['06', '27', '02', '00', '00', '00', '00', '00']";"0"
"1653035008.152775";"0783";"Tx";"['06', '27', '02', '00', '00', '00', '00', '00']";"0"
"1653035008.168126";"0783";"Tx";"['06', '27', '02', '00', '00', '00', '00', '00']";"0"
"1653035008.183506";"0783";"Tx";"['06', '27', '02', '00', '00', '00', '00', '00']";"0"
"1653035008.183584";"0783";"Tx";"['06', '27', '02', '00', '00', '00', '00', '00']";"0"
"1653035008.198926";"0783";"Tx";"['06', '27', '02', '00', '00', '00', '00', '00']";"0"
"1653035008.214402";"0783";"Tx";"['06', '27', '02', '00', '00', '00', '00', '00']";"0"
"1653035008.214478";"0783";"Tx";"['06', '27', '02', '00', '00', '00', '00', '00']";"0"
"1653035008.229715";"0783";"Tx";"['06', '27', '02', '00', '00', '00', '00', '00']";"0"
"1653035008.229794";"0783";"Tx";"['06', '27', '02', '00', '00', '00', '00', '00']";"0"
"1653035008.245238";"0783";"Tx";"['06', '27', '02', '00', '00', '00', '00', '00']";"0"
"1653035008.260440";"0783";"Tx";"['06', '27', '02', '00', '00', '00', '00', '00']";"0"
"1653035008.260484";"0783";"Tx";"['06', '27', '02', '00', '00', '00', '00', '00']";"0"
"1653035008.275913";"0783";"Tx";"['06', '27', '02', '00', '00', '00', '00', '00']";"0"
"1653035008.291267";"0783";"Tx";"['06', '27', '02', '00', '00', '00', '00', '00']";"0"
"1653035008.291320";"0783";"Tx";"['06', '27', '02', '00', '00', '00', '00', '00']";"0"
"1653035008.306676";"0783";"Tx";"['06', '27', '02', '00', '00', '00', '00', '00']";"0"
"1653035008.322109";"0783";"Tx";"['06', '27', '02', '00', '00', '00', '00', '00']";"0"
"1653035008.322161";"0783";"Tx";"['06', '27', '02', '00', '00', '00', '00', '00']";"0"
"1653035008.337385";"0783";"Tx";"['06', '27', '02', '00', '00', '00', '00', '00']";"0"
"1653035008.352890";"0783";"Tx";"['06', '27', '02', '00', '00', '00', '00', '00']";"0"
"1653035008.352954";"0783";"Tx";"['06', '27', '02', '00', '00', '00', '00', '00']";"0"
"1653035008.368231";"0783";"Tx";"['06', '27', '02', '00', '00', '00', '00', '00']";"0"
"1653035008.383683";"0783";"Tx";"['06', '27', '02', '00', '00', '00', '00', '00']";"0"
"1653035008.383751";"0783";"Tx";"['06', '27', '02', '00', '00', '00', '00', '00']";"0"
"1653035008.399098";"0783";"Tx";"['06', '27', '02', '00', '00', '00', '00', '00']";"0"
"1653035008.414472";"0783";"Tx";"['06', '27', '02', '00', '00', '00', '00', '00']";"0"
"1653035008.414542";"0783";"Tx";"['06', '27', '02', '00', '00', '00', '00', '00']";"0"
"1653035008.429900";"0783";"Tx";"['06', '27', '02', '00', '00', '00', '00', '00']";"0"
"1653035008.429973";"0783";"Tx";"['06', '27', '02', '00', '00', '00', '00', '00']";"0"
"1653035008.445244";"0783";"Tx";"['06', '27', '02', '00', '00', '00', '00', '00']";"0"
"1653035008.460620";"0783";"Tx";"['06', '27', '02', '00', '00', '00', '00', '00']";"0"
"1653035008.460686";"0783";"Tx";"['06', '27', '02', '00', '00', '00', '00', '00']";"0"
"1653035008.476107";"0783";"Tx";"['06', '27', '02', '00', '00', '00', '00', '00']";"0"
"1653035008.491545";"0783";"Tx";"['06', '27', '02', '00', '00', '00', '00', '00']";"0"
"1653035008.491623";"0783";"Tx";"['06', '27', '02', '00', '00', '00', '00', '00']";"0"
"1653035008.506973";"0783";"Tx";"['06', '27', '02', '00', '00', '00', '00', '00']";"0"
"1653035008.522230";"0783";"Tx";"['06', '27', '02', '00', '00', '00', '00', '00']";"0"
"1653035008.522315";"0783";"Tx";"['06', '27', '02', '00', '00', '00', '00', '00']";"0"
"1653035008.537689";"0783";"Tx";"['06', '27', '02', '00', '00', '00', '00', '00']";"0"
"1653035008.553038";"0783";"Tx";"['06', '27', '02', '00', '00', '00', '00', '00']";"0"
"1653035008.553106";"0783";"Tx";"['06', '27', '02', '00', '00', '00', '00', '00']";"0"
"1653035008.568452";"0783";"Tx";"['06', '27', '02', '00', '00', '00', '00', '00']";"0"
"1653035008.583795";"0783";"Tx";"['06', '27', '02', '00', '00', '00', '00', '00']";"0"
"1653035008.583870";"0783";"Tx";"['06', '27', '02', '00', '00', '00', '00', '00']";"0"
"1653035008.599147";"0783";"Tx";"['06', '27', '02', '00', '00', '00', '00', '00']";"0"
"1653035008.599239";"0783";"Tx";"['06', '27', '02', '00', '00', '00', '00', '00']";"0"
"1653035008.614579";"0783";"Tx";"['06', '27', '02', '00', '00', '00', '00', '00']";"0"
"1653035008.630010";"0783";"Tx";"['06', '27', '02', '00', '00', '00', '00', '00']";"0"
"1653035008.630062";"0783";"Tx";"['06', '27', '02', '00', '00', '00', '00', '00']";"0"
"1653035008.645489";"0783";"Tx";"['06', '27', '02', '00', '00', '00', '00', '00']";"0"
"1653035008.660786";"0783";"Tx";"['06', '27', '02', '00', '00', '00', '00', '00']";"0"
"1653035008.660865";"0783";"Tx";"['06', '27', '02', '00', '00', '00', '00', '00']";"0"
"1653035008.676325";"0783";"Tx";"['06', '27', '02', '00', '00', '00', '00', '00']";"0"
"1653035008.691621";"0783";"Tx";"['06', '27', '02', '00', '00', '00', '00', '00']";"0"
"1653035008.691701";"0783";"Tx";"['06', '27', '02', '00', '00', '00', '00', '00']";"0"
"1653035008.707006";"0783";"Tx";"['06', '27', '02', '00', '00', '00', '00', '00']";"0"
"1653035008.722414";"0783";"Tx";"['06', '27', '02', '00', '00', '00', '00', '00']";"0"
"1653035008.722485";"0783";"Tx";"['06', '27', '02', '00', '00', '00', '00', '00']";"0"
"1653035008.737713";"0783";"Tx";"['06', '27', '02', '00', '00', '00', '00', '00']";"0"
"1653035008.753184";"0783";"Tx";"['06', '27', '02', '00', '00', '00', '00', '00']";"0"
"1653035008.753262";"0783";"Tx";"['06', '27', '02', '00', '00', '00', '00', '00']";"0"
"1653035008.768446";"0783";"Tx";"['06', '27', '02', '00', '00', '00', '00', '00']";"0"
"1653035008.784031";"0783";"Tx";"['06', '27', '02', '00', '00', '00', '00', '00']";"0"
"1653035008.784101";"0783";"Tx";"['06', '27', '02', '00', '00', '00', '00', '00']";"0"
"1653035008.799372";"0783";"Tx";"['06', '27', '02', '00', '00', '00', '00', '00']";"0"
"1653035008.799456";"0783";"Tx";"['06', '27', '02', '00', '00', '00', '00', '00']";"0"
"1653035008.814757";"0783";"Tx";"['06', '27', '02', '00', '00', '00', '00', '00']";"0"
"1653035008.830176";"0783";"Tx";"['06', '27', '02', '00', '00', '00', '00', '00']";"0"
"1653035008.830255";"0783";"Tx";"['06', '27', '02', '00', '00', '00', '00', '00']";"0"
